-- phpMyAdmin SQL Dump
-- version 4.2.12deb2+deb8u2
-- http://www.phpmyadmin.net
--
-- Host: localhost
-- Generation Time: Jan 30, 2018 at 10:25 PM
-- Server version: 5.5.57-0+deb8u1
-- PHP Version: 5.6.30-0+deb8u1

SET SQL_MODE = "NO_AUTO_VALUE_ON_ZERO";
SET time_zone = "+00:00";


/*!40101 SET @OLD_CHARACTER_SET_CLIENT=@@CHARACTER_SET_CLIENT */;
/*!40101 SET @OLD_CHARACTER_SET_RESULTS=@@CHARACTER_SET_RESULTS */;
/*!40101 SET @OLD_COLLATION_CONNECTION=@@COLLATION_CONNECTION */;
/*!40101 SET NAMES utf8 */;

--
-- Database: `redesagi_facturacion`
--

-- --------------------------------------------------------

--
-- Table structure for table `afiliados`
--

CREATE TABLE IF NOT EXISTS `afiliados` (
`id` int(11) NOT NULL,
  `cliente` varchar(50) NOT NULL,
  `apellido` varchar(100) NOT NULL,
  `cedula` int(11) NOT NULL,
  `direccion` varchar(100) NOT NULL,
  `ciudad` varchar(100) NOT NULL,
  `departamento` varchar(100) NOT NULL,
  `mail` varchar(100) NOT NULL,
  `telefono` varchar(100) NOT NULL,
  `pago` varchar(20) NOT NULL,
  `ultimopago` date NOT NULL,
  `pagoactual` date NOT NULL,
  `corte` varchar(3) NOT NULL,
  `mesenmora` int(11) NOT NULL,
  `recibo_generado` varchar(20) NOT NULL,
  `orden_reparto` int(11) NOT NULL,
  `velocidad-plan` varchar(100) NOT NULL,
  `tipo-cliente` varchar(100) NOT NULL,
  `registration-date` date NOT NULL,
  `source` varchar(100) NOT NULL COMMENT 'Para saber si es agregado desde el sistmema',
  `activo` int(11) NOT NULL DEFAULT '1' COMMENT '1-si 0-no'
) ENGINE=MyISAM AUTO_INCREMENT=218 DEFAULT CHARSET=utf8;

--
-- Dumping data for table `afiliados`
--

INSERT INTO `afiliados` (`id`, `cliente`, `apellido`, `cedula`, `direccion`, `ciudad`, `departamento`, `mail`, `telefono`, `pago`, `ultimopago`, `pagoactual`, `corte`, `mesenmora`, `recibo_generado`, `orden_reparto`, `velocidad-plan`, `tipo-cliente`, `registration-date`, `source`, `activo`) VALUES
(1, 'Adrian Guzman', '', 0, 'Rancho Grande  Acacias Meta', '', '', '', '', '40000', '2017-10-19', '0000-00-00', '1', 2, 'Enero', 0, 'Plan 2Mbps Bajada / 1Mbps Subida ', 'Residencial', '0000-00-00', '', 1),
(2, 'Aida Luz Moreno', '', 0, 'B. FUNDADORES PAPELERIA', '', '', '', '', '35000', '2017-12-11', '0000-00-00', '1', 0, 'Enero', 2, 'Plan 2Mbps Bajada / 1Mbps Subida ', 'Residencial', '0000-00-00', '', 1),
(3, 'Alexandra Amezquita', '', 0, 'VRDA VIOLETAS CASTILLA META', '', '', '', '', '45000', '2017-11-08', '0000-00-00', '15', 1, 'Enero', 0, 'Plan 2Mbps Bajada / 1Mbps Subida ', 'Residencial', '0000-00-00', '', 1),
(4, 'Alfonso Garzon', '', 0, 'VEREDA EL CARMEN', '', '', '', '', '40000', '2017-12-05', '0000-00-00', '1', 0, 'Enero', 0, 'Plan 2Mbps Bajada / 1Mbps Subida ', 'Residencial', '0000-00-00', '', 1),
(5, 'Amparo Rodriguez', '', 0, 'CLL 12 6-40 BRR FUNDADORES GUAMAL META', '', '', '', '', '45000', '2017-12-07', '0000-00-00', '1', 1, 'Enero', 13, 'Plan 2Mbps Bajada / 1Mbps Subida ', 'Residencial', '0000-00-00', '', 1),
(6, 'Adrian Feo 3143904380', '', 0, 'VEREDA VIOLETAS FINCA LA ESMERALDA ', '', '', '', '', '45000', '2017-12-19', '0000-00-00', '15', 0, 'Enero', 18, 'Plan 2Mbps Bajada / 1Mbps Subida ', 'Residencial', '0000-00-00', '', 1),
(7, 'Asadero Calidoso', '', 0, 'AVENIDA PRINCIPAL VIA SAN MARTIN', '', '', '', '', '60000', '2017-12-01', '0000-00-00', '1', 0, 'Enero', 63, 'Plan 3Mbps Bajada / 1.5Mbps Subida ', 'Residencial', '0000-00-00', '', 1),
(8, 'Alvaro Fernandez 3166321914', '', 0, 'Cll 10A #8-37  Guamal Meta', '', '', '', '', '45000', '2017-10-31', '0000-00-00', '1', 2, 'Enero', 17, 'Plan 2Mbps Bajada / 1Mbps Subida ', 'Residencial', '0000-00-00', '', 1),
(9, 'Alvaro Castañeda-3145680357', '', 0, 'Violetas Fca La Milagrosa', '', '', '', '', '40000', '2017-12-21', '0000-00-00', '15', 0, 'Enero', 0, 'Plan 2Mbps Bajada / 1Mbps Subida ', 'Residencial', '0000-00-00', '', 1),
(10, 'ALVARO RIVEROS', '', 0, 'GRANJA EL CAIMAN VIA AL ENCANTO', '', '', '', '', '60000', '2017-10-23', '0000-00-00', '1', 3, 'Enero', 0, 'Plan 3Mbps Bajada / 1.5Mbps Subida ', 'Residencial', '0000-00-00', '', 1),
(11, 'ALICIA OTALVARO', '', 0, 'BR PARAISO', '', '', '', '', '25000', '0000-00-00', '0000-00-00', '1', 8, 'Enero', 0, 'Plan 2Mbps Bajada / 1Mbps Subida ', 'Residencial', '0000-00-00', '', 1),
(12, 'Alejandro Correa', '', 0, 'CLL 11 BRR FUNDADORES', '', '', '', '', '45000', '2017-12-05', '0000-00-00', '1', 0, 'Enero', 10, 'Plan 2Mbps Bajada / 1Mbps Subida ', 'Residencial', '0000-00-00', '', 1),
(13, 'Andres Zamora Real', '', 0, 'VRDA VIOLETAS FCA LA MARIA', '', '', '', '', '60000', '2017-12-15', '0000-00-00', '15', 0, 'Enero', 0, 'Plan 3Mbps Bajada / 1.5Mbps Subida ', 'Residencial', '0000-00-00', '', 1),
(14, 'Angela Salazar ', '', 0, 'Brr B Sta Barbara Guamal Meta', '', '', '', '', '35000', '0000-00-00', '0000-00-00', '15', 1, 'Enero', 82, 'Plan 2Mbps Bajada / 1Mbps Subida ', 'Residencial', '0000-00-00', '', 1),
(15, 'Angelica Ortiz', '', 0, 'Cra 4#12-41 Guamal Meta', '', '', '', '', '45000', '0000-00-00', '0000-00-00', '1', 0, 'Enero', 0, 'Plan 2Mbps Bajada / 1Mbps Subida ', 'Residencial', '0000-00-00', '', 1),
(16, 'Angel Tapias', '', 0, 'VRDA HUMADEA', '', '', '', '', '45000', '2017-12-04', '0000-00-00', '1', 0, 'Enero', 0, 'Plan 2Mbps Bajada / 1Mbps Subida ', 'Residencial', '0000-00-00', '', 1),
(17, 'Angel Mayorga-Diciembre suspend', '', 0, 'B santa Barbara', '', '', '', '', '40000', '2017-12-15', '0000-00-00', '1', 1, 'Enero', 81, 'Plan 2Mbps Bajada / 1Mbps Subida ', 'Residencial', '0000-00-00', '', 1),
(18, 'Angelica Beltran-3134437438', '', 0, 'CRA 8 10 A17 GUAMAL META', '', '', '', '', '45000', '2017-12-05', '0000-00-00', '1', 0, 'Enero', 15, 'Plan 2Mbps Bajada / 1Mbps Subida ', 'Residencial', '0000-00-00', '', 1),
(19, 'ARAMINTA GARCIA', '', 0, 'CLL 11#7-56 BRR FUNDADORES GUAMAL META', '', '', '', '', '60000', '2017-12-01', '0000-00-00', '1', 0, 'Enero', 70, 'Plan 3Mbps Bajada / 1.5Mbps Subida ', 'Residencial', '0000-00-00', '', 1),
(20, 'Arnulfo Florez', '', 0, 'BRR FUNDADORES', '', '', '', '', '45000', '2017-12-07', '0000-00-00', '1', 0, 'Enero', 7, 'Plan 2Mbps Bajada / 1Mbps Subida ', 'Residencial', '0000-00-00', '', 1),
(21, 'Arley Benavides Giraldo', '', 0, 'Pio XII  Guamal Meta', '', '', '', '', '45000', '2017-12-15', '0000-00-00', '15', 1, 'Enero', 96, 'Plan 2Mbps Bajada / 1Mbps Subida ', 'Residencial', '0000-00-00', '', 1),
(22, 'Antonio Aranda', '', 0, 'BAR SAN JERONIMO', '', '', '', '', '45000', '2017-09-01', '0000-00-00', '15', 3, 'Enero', 0, 'Plan 2Mbps Bajada / 1Mbps Subida ', 'Residencial', '0000-00-00', '', 1),
(23, 'Aurora Diaz-3203421901', '', 0, 'VRDA BETANIA Castilla Meta', '', '', '', '', '45000', '2017-12-12', '0000-00-00', '1', 0, 'Enero', 0, 'Plan 2Mbps Bajada / 1Mbps Subida ', 'Residencial', '0000-00-00', '', 1),
(24, 'BLANCA LUCIA BAUTISTA ', '', 0, 'Cra 3#13-32 Guamal Meta', '', '', '', '', '60000', '2017-12-01', '0000-00-00', '1', 0, 'Enero', 64, 'Plan 3Mbps Bajada / 1.5Mbps Subida ', 'Residencial', '0000-00-00', '', 1),
(25, 'Brayan Toloza', '', 0, 'Trocha 5 vrda La Paz Guamal Meta', '', '', '', '', '45000', '2017-12-15', '0000-00-00', '1', 0, 'Enero', 0, 'Plan 2Mbps Bajada / 1Mbps Subida ', 'Residencial', '0000-00-00', '', 1),
(26, 'Benjamin Suarez', '', 0, 'ESTADERO LA GRAN CURVA ', '', '', '', '', '45000', '2017-11-28', '0000-00-00', '1', 1, 'Enero', 90, 'Plan 2Mbps Bajada / 1Mbps Subida ', 'Residencial', '0000-00-00', '', 1),
(27, 'CARLOS MORENO', '', 0, 'VEREDA SAN MIGUEL CASTILLA', '', '', '', '', '45000', '0000-00-00', '0000-00-00', '1', 0, 'Enero', 0, 'Plan 2Mbps Bajada / 1Mbps Subida ', 'Residencial', '0000-00-00', '', 1),
(28, 'Carlos Fabian Contreras', '', 0, 'CALLE 12 # 3A-39', '', '', '', '', '45000', '2017-12-04', '0000-00-00', '1', 0, 'Enero', 63, 'Plan 2Mbps Bajada / 1Mbps Subida ', 'Residencial', '0000-00-00', '', 1),
(29, 'Carlos Eduardo Escobar', '', 0, 'Fca S Roke Castilla La Nueva Meta', '', '', '', '', '45000', '2017-10-09', '0000-00-00', '1', 2, 'Enero', 0, 'Plan 2Mbps Bajada / 1Mbps Subida ', 'Residencial', '0000-00-00', '', 1),
(30, 'Camio Torres 3124563893', '', 0, 'CARR 8 # 15-39', '', '', '', '', '45000', '2017-12-07', '0000-00-00', '1', 0, 'Enero', 72, 'Plan 2Mbps Bajada / 1Mbps Subida ', 'Residencial', '0000-00-00', '', 1),
(31, 'Carolina Pavas-3127668216', '', 0, 'Balcones de oriente Guamal Meta', '', '', '', '', '45000', '2017-12-07', '0000-00-00', '15', 0, 'Enero', 27, 'Plan 2Mbps Bajada / 1Mbps Subida ', 'Residencial', '0000-00-00', '', 1),
(32, 'CARLOS GOMEZ 3108771953', '', 0, 'FCA VILLA SOFIA VRDA S MIGUEL GUAMAL META', '', '', '', '', '45000', '2017-12-21', '0000-00-00', '1', 0, 'Enero', 0, 'Plan 2Mbps Bajada / 1Mbps Subida ', 'Residencial', '0000-00-00', '', 1),
(33, 'CILENIA PINZON 52740479', '', 0, 'CASA 16 HUMADEA ', '', '', '', '', '45000', '2017-11-20', '0000-00-00', '1', 1, 'Enero', 0, 'Plan 2Mbps Bajada / 1Mbps Subida ', 'Residencial', '0000-00-00', '', 1),
(34, 'COMPAÑÍA FORTALECIMIENTO EMPRESARIAL SAS', '', 0, 'B. FUNDADORES ', '', '', '', '', '60000', '2017-11-09', '0000-00-00', '1', 1, 'Enero', 4, 'Plan 3Mbps Bajada / 1.5Mbps Subida ', 'Residencial', '0000-00-00', '', 1),
(35, 'CONSTANZA SOTO', '', 0, 'HUMADEA ESTADERO', '', '', '', '', '40000', '2017-10-30', '0000-00-00', '1', 2, 'Enero', 0, 'Plan 2Mbps Bajada / 1Mbps Subida ', 'Residencial', '0000-00-00', '', 1),
(36, 'Cristian Camilo melo', '', 0, 'Cll 13#9-18 Guamal Meta-Descuento 30,000', '', '', '', '', '60000', '2017-11-30', '0000-00-00', '1', 1, 'Enero', 3, 'Plan 3Mbps Bajada / 1.5Mbps Subida ', 'Residencial', '0000-00-00', '', 1),
(37, 'Cristobal Lozano', '', 0, 'VRDA BETANIA', '', '', '', '', '90000', '2017-10-23', '0000-00-00', '15', 1, 'Enero', 0, 'Plan 5Mbps Bajada / 2.5Mbps Subida ', 'Residencial', '0000-00-00', '', 1),
(38, 'Claudia Patricia Carvajal', '', 0, 'TR4-25 LAS VILLAS', '', '', '', '', '40000', '2017-12-13', '0000-00-00', '1', 0, 'Enero', 83, 'Plan 2Mbps Bajada / 1Mbps Subida ', 'Residencial', '0000-00-00', '', 1),
(39, 'CRISTIAN CARRERO ', '', 0, 'MAZ D CASA 12 VILLA MARIA', '', '', '', '', '45000', '2017-12-11', '0000-00-00', '1', 0, 'Enero', 28, 'Plan 2Mbps Bajada / 1Mbps Subida ', 'Residencial', '0000-00-00', '', 1),
(40, 'CRISTINA', '', 0, 'BRR FUNDADORES', '', '', '', '', '40000', '2017-06-23', '0000-00-00', '1', 6, 'Enero', 0, 'Plan 2Mbps Bajada / 1Mbps Subida ', 'Residencial', '0000-00-00', '', 1),
(41, 'Daniel Barbosa', '', 0, 'Sta Barbara Guamal Meta', '', '', '', '', '45000', '2017-12-15', '0000-00-00', '1', 0, 'Enero', 0, 'Plan 2Mbps Bajada / 1Mbps Subida ', 'Residencial', '0000-00-00', '', 1),
(42, 'Darley Patricia Hernandez', '', 0, 'Fca Nona Narciso Matus Guamal Meta', '', '', '', '', '45000', '2017-12-15', '0000-00-00', '1', 0, 'Enero', 96, 'Plan 2Mbps Bajada / 1Mbps Subida ', 'Residencial', '0000-00-00', '', 1),
(43, 'Derly cadena 3106739035', '', 0, 'VRDA SAN MIGUEL GUAMAL META', '', '', '', '', '40000', '2017-12-14', '0000-00-00', '15', 0, 'Enero', 41, 'Plan 2Mbps Bajada / 1Mbps Subida ', 'Residencial', '0000-00-00', '', 1),
(44, 'Deposito Santander', '', 0, 'Cra 3#13-30 Guamal Meta', '', '', '', '', '150000', '0000-00-00', '0000-00-00', '1', 0, 'Enero', 99, 'Plan 8Mbps Bajada / 3.5Mbps Subida ', 'Residencial', '0000-00-00', '', 1),
(45, 'Dora Cecilia Barrera', '', 0, 'VRDA BETANIA Castilla Meta', '', '', '', '', '45000', '2017-12-29', '0000-00-00', '1', 0, '', 0, 'Plan 2Mbps Bajada / 1Mbps Subida ', 'Residencial', '0000-00-00', '', 1),
(46, 'Dora Emilsen Casas', '', 0, 'VRDA TURUY CASTILLA LA NUEVA', '', '', '', '', '45000', '2017-12-13', '0000-00-00', '1', 0, 'Enero', 0, 'Plan 2Mbps Bajada / 1Mbps Subida ', 'Residencial', '0000-00-00', '', 1),
(47, 'Douglas Tique', '', 0, 'Trocha 5 La paz Guamal Meta', '', '', '', '', '45000', '0000-00-00', '0000-00-00', '1', 0, 'Enero', 0, 'Plan 2Mbps Bajada / 1Mbps Subida ', 'Residencial', '0000-00-00', '', 1),
(48, 'DIEGO PINO', '', 0, 'SAN JUAN y GUAMAL', '', '', '', '', '180000', '2017-10-12', '0000-00-00', '1', 2, 'Enero', 0, 'Plan 2Mbps Bajada / 1Mbps Subida ', 'Residencial', '0000-00-00', '', 1),
(49, 'Edilma Garces', '', 0, 'Villa Maria Guamal Meta', '', '', '', '', '40000', '2017-12-08', '0000-00-00', '1', 1, 'Enero', 32, 'Plan 2Mbps Bajada / 1Mbps Subida ', 'Residencial', '0000-00-00', '', 1),
(50, 'EDILMA ORTEGA', '', 0, 'BARRIO VILLA MARIA', '', '', '', '', '45000', '2017-10-06', '0000-00-00', '15', 2, 'Enero', 42, 'Plan 2Mbps Bajada / 1Mbps Subida ', 'Residencial', '0000-00-00', '', 1),
(51, 'Edna Rodriguez', '', 0, 'Cs6 Villa Jhoana Violetas Castilla Meta', '', '', '', '', '45000', '2017-11-18', '0000-00-00', '1', 1, 'Enero', 0, 'Plan 2Mbps Bajada / 1Mbps Subida ', 'Residencial', '0000-00-00', '', 1),
(52, 'EDWIN GONZALEZ ', '', 0, 'Mz F casa 1 Vll maria  Guamal Meta', '', '', '', '', '45000', '0000-00-00', '0000-00-00', '1', 1, 'Enero', 0, 'Plan 2Mbps Bajada / 1Mbps Subida ', 'Residencial', '0000-00-00', '', 1),
(53, 'EDWIN LOPEZ ', '', 0, 'MzG casa2 Conj Koinonia Acacias meta', '', '', '', '', '45000', '2017-12-13', '0000-00-00', '1', 0, 'Enero', 0, 'Plan 2Mbps Bajada / 1Mbps Subida ', 'Residencial', '0000-00-00', '', 1),
(54, 'Edwin Hernandez', '', 0, 'CLL 12 #13-07 GUAMAL META', '', '', '', '', '45000', '2017-12-03', '0000-00-00', '1', 0, 'Enero', 49, 'Plan 2Mbps Bajada / 1Mbps Subida ', 'Residencial', '0000-00-00', '', 1),
(55, 'Edwin Rodriguez', '', 0, 'BARRIO VILLA MARIA', '', '', '', '', '45000', '2017-12-06', '0000-00-00', '15', 0, 'Enero', 30, 'Plan 2Mbps Bajada / 1Mbps Subida ', 'Residencial', '0000-00-00', '', 1),
(56, 'Ervin Mendez', '', 0, 'VRDA CAÑO GRANDE CASTILLA LA NUEVA', '', '', '', '', '90000', '2017-12-18', '0000-00-00', '1', 0, 'Enero', 0, 'Plan 5Mbps Bajada / 2.5Mbps Subida ', 'Residencial', '0000-00-00', '', 1),
(57, 'Erica Nayiber Bohorquez', '', 0, 'CARRERA 8A # 3-36 CASTILL', '', '', '', '', '45000', '2017-11-20', '0000-00-00', '1', 1, 'Enero', 0, 'Plan 2Mbps Bajada / 1Mbps Subida ', 'Residencial', '0000-00-00', '', 1),
(58, 'Ferfando Coy-3102115068', '', 0, 'Vrda santa Ana Guamal meta', '', '', '', '', '45000', '2017-12-19', '0000-00-00', '1', 0, 'Enero', 0, 'Plan 2Mbps Bajada / 1Mbps Subida ', 'Residencial', '0000-00-00', '', 1),
(59, 'Fernando Galvis', '', 0, 'VEREDA SANTA ANA ', '', '', '', '', '60000', '2017-10-05', '0000-00-00', '1', 2, 'Enero', 0, 'Plan 3Mbps Bajada / 1.5Mbps Subida ', 'Residencial', '0000-00-00', '', 1),
(60, 'Ferran Velosa', '', 0, 'CR 3A 11-119 GUAMAL META', '', '', '', '', '60000', '2017-12-01', '0000-00-00', '1', 0, 'Enero', 63, 'Plan 3Mbps Bajada / 1.5Mbps Subida ', 'Residencial', '0000-00-00', '', 1),
(61, 'Fernando Fernandez -3166321914', '', 0, 'Cll 10A #8-37  Guamal Meta', '', '', '', '', '40000', '2017-12-23', '0000-00-00', '15', 0, 'Enero', 26, 'Plan 2Mbps Bajada / 1Mbps Subida ', 'Residencial', '0000-00-00', '', 1),
(62, 'Francy Preciado', '', 0, 'Cll 9#4-31 S Geronimo Guamal Meta', '', '', '', '', '45000', '2017-12-07', '0000-00-00', '1', 0, 'Enero', 25, 'Plan 2Mbps Bajada / 1Mbps Subida ', 'Residencial', '0000-00-00', '', 1),
(63, 'Francy Yadira Martinez', '', 0, 'CLL 11 8-32 APT 2 BRR FUNDADORES', '', '', '', '', '45000', '2017-12-14', '0000-00-00', '15', 1, 'Enero', 88, 'Plan 2Mbps Bajada / 1Mbps Subida ', 'Residencial', '0000-00-00', '', 1),
(64, 'Fredy Peña', '', 0, 'Fca Los Pinos San Pedro Bajo Guama Meta', '', '', '', '', '45000', '0000-00-00', '0000-00-00', '1', 0, 'Enero', 0, 'Plan 2Mbps Bajada / 1Mbps Subida ', 'Residencial', '0000-00-00', '', 1),
(65, 'FLOR ESTELA RODRIGUEZ', '', 0, 'VEREDA PIO 12 GUANACA ', '', '', '', '', '45000', '2017-12-21', '0000-00-00', '1', 1, 'Enero', 0, 'Plan 2Mbps Bajada / 1Mbps Subida ', 'Residencial', '0000-00-00', '', 1),
(66, 'GABRIEL COLLAZOS ', '', 0, 'VEREDA MONTE CRISTO BAJO ', '', '', '', '', '45000', '2017-11-10', '0000-00-00', '15', 2, 'Enero', 0, 'Plan 2Mbps Bajada / 1Mbps Subida ', 'Residencial', '0000-00-00', '', 1),
(67, 'German Gonzales', '', 0, 'Castilla La Nueva Meta', '', '', '', '', '45000', '2017-12-22', '0000-00-00', '1', 0, 'Enero', 0, 'Plan 2Mbps Bajada / 1Mbps Subida ', 'Residencial', '0000-00-00', '', 1),
(68, 'GERMAN GALEANO', '', 0, 'V.SANTA ROSA CHICHIMENE', '', '', '', '', '45000', '2017-12-17', '0000-00-00', '1', 1, 'Enero', 0, 'Plan 2Mbps Bajada / 1Mbps Subida ', 'Residencial', '0000-00-00', '', 1),
(69, 'GERÓNIMO MURILLO', '', 0, 'VRDA CECILITA ACACIAS', '', '', '', '', '60000', '2017-12-21', '0000-00-00', '15', 0, 'Enero', 0, 'Plan 3Mbps Bajada / 1.5Mbps Subida ', 'Residencial', '0000-00-00', '', 1),
(70, 'GIOVANNY PARDO ', '', 0, 'FINCA LA HOLANDA VEREDA EL DANUBIO', '', '', '', '', '45000', '2017-08-15', '0000-00-00', '1', 4, 'Enero', 0, 'Plan 2Mbps Bajada / 1Mbps Subida ', 'Residencial', '0000-00-00', '', 1),
(71, 'GLORIA CECILIA BONLLA-3102824200', '', 0, 'CLL 20 3A 59 NARCISO MATUS', '', '', '', '', '60000', '2017-12-04', '0000-00-00', '1', 0, 'Enero', 91, 'Plan 3Mbps Bajada / 1.5Mbps Subida ', 'Residencial', '0000-00-00', '', 1),
(72, 'GLORIA ESPITIA', '', 0, 'V. PIO 12 FINCA LOS COCOS', '', '', '', '', '45000', '2017-11-05', '0000-00-00', '15', 3, 'Enero', 0, 'Plan 2Mbps Bajada / 1Mbps Subida ', 'Residencial', '0000-00-00', '', 1),
(73, 'GLORIA TRIANA', '', 0, 'BRR FLORESTA GUAMAL-META', '', '', '', '', '40000', '2017-11-07', '0000-00-00', '1', 2, 'Enero', 0, 'Plan 2Mbps Bajada / 1Mbps Subida ', 'Residencial', '0000-00-00', '', 1),
(74, 'Guillermo Caro', '', 0, 'Cll 15#8-35 Guamal Meta', '', '', '', '', '45000', '2017-12-05', '0000-00-00', '1', 0, 'Enero', 71, 'Plan 2Mbps Bajada / 1Mbps Subida ', 'Residencial', '0000-00-00', '', 1),
(75, 'Harvey Domcel', '', 0, 'Brr Paraiso Guamal Meta', '', '', '', '', '45000', '0000-00-00', '0000-00-00', '1', 0, 'Enero', 77, 'Plan 2Mbps Bajada / 1Mbps Subida ', 'Residencial', '0000-00-00', '', 1),
(76, 'Hector Guerrero', '', 0, 'VEREDA EL ENCANTO ', '', '', '', '', '45000', '2017-12-13', '0000-00-00', '1', 0, 'Enero', 0, 'Plan 2Mbps Bajada / 1Mbps Subida ', 'Residencial', '0000-00-00', '', 1),
(77, 'Henry Guasca', '', 0, 'FINCA LA PRADERA VEREDA EL ENCANTO ', '', '', '', '', '45000', '2017-12-12', '0000-00-00', '1', 0, 'Enero', 0, 'Plan 2Mbps Bajada / 1Mbps Subida ', 'Residencial', '0000-00-00', '', 1),
(78, 'Heidy Vega', '', 0, 'VRDA SAN MIGUEL GUAMAL META', '', '', '', '', '40000', '2017-12-12', '0000-00-00', '1', 0, 'Enero', 101, 'Plan 2Mbps Bajada / 1Mbps Subida ', 'Residencial', '0000-00-00', '', 1),
(79, 'Hernando Perez', '', 0, 'CALLE 12 #1-15 BARRIO J MAYORGA ', '', '', '', '', '45000', '2017-12-28', '0000-00-00', '1', 0, 'Enero', 51, 'Plan 2Mbps Bajada / 1Mbps Subida ', 'Residencial', '0000-00-00', '', 1),
(80, 'HOTEL ARIS', '', 0, 'BRR LAS FERIAS', '', '', '', '', '35000', '2017-11-01', '0000-00-00', '1', 1, 'Enero', 66, 'Plan 2Mbps Bajada / 1Mbps Subida ', 'Residencial', '0000-00-00', '', 1),
(81, 'Hotel Casa Real', '', 0, 'Brr Fundadores cll 12 Guamal Meta', '', '', '', '', '60000', '2017-12-12', '0000-00-00', '1', 0, 'Enero', 56, 'Plan 3Mbps Bajada / 1.5Mbps Subida ', 'Residencial', '0000-00-00', '', 1),
(82, 'HUGO PIO 12 EMPORIO', '', 0, 'VEREDA PIO 12 TROCHA 12', '', '', '', '', '45000', '2017-11-21', '0000-00-00', '1', 2, 'Enero', 0, 'Plan 2Mbps Bajada / 1Mbps Subida ', 'Residencial', '0000-00-00', '', 1),
(83, 'Ivon Castro', '', 0, 'Brr paraiso Guamal Meta', '', '', '', '', '40000', '2017-09-29', '0000-00-00', '1', 3, 'Enero', 78, 'Plan 2Mbps Bajada / 1Mbps Subida ', 'Residencial', '0000-00-00', '', 1),
(84, 'Isabel Obando', '', 0, 'San Migel B.Aires Guamal Meta', '', '', '', '', '60000', '2017-09-26', '0000-00-00', '1', 2, 'Enero', 0, 'Plan 3Mbps Bajada / 1.5Mbps Subida ', 'Residencial', '0000-00-00', '', 1),
(85, 'INGRID GARAY', '', 0, 'CARRERA 4 # 12-28 Dcto $20,000', '', '', '', '', '45000', '2017-11-01', '0000-00-00', '15', 1, 'Enero', 67, 'Plan 2Mbps Bajada / 1Mbps Subida ', 'Residencial', '0000-00-00', '', 1),
(86, 'Jaime Amado', '', 0, 'Cr 11 9-41 Brr C Agraria Guamal Meta', '', '', '', '', '45000', '0000-00-00', '0000-00-00', '1', 1, 'Enero', 45, 'Plan 2Mbps Bajada / 1Mbps Subida ', 'Residencial', '0000-00-00', '', 1),
(87, 'Jaime Hernandez', '', 0, 'Castilla La Nueva', '', '', '', '', '60000', '2017-11-09', '0000-00-00', '1', 1, 'Enero', 0, 'Plan 3Mbps Bajada / 1.5Mbps Subida ', 'Residencial', '0000-00-00', '', 1),
(88, 'Jaqueline Cortes', '', 0, 'casa 16 sapitos Catilla Meta', '', '', '', '', '45000', '2017-12-15', '0000-00-00', '1', 0, 'Enero', 0, 'Plan 2Mbps Bajada / 1Mbps Subida ', 'Residencial', '0000-00-00', '', 1),
(89, 'Jaiber Rodriguez', '', 0, 'Cll 13#5-45', '', '', '', '', '45000', '0000-00-00', '0000-00-00', '1', 0, 'Enero', 68, 'Plan 2Mbps Bajada / 1Mbps Subida ', 'Residencial', '0000-00-00', '', 1),
(90, 'Johana Herrera', '', 0, 'Cll 14 3A-42+casa', '', '', '', '', '60000', '2017-11-09', '0000-00-00', '1', 1, 'Enero', 98, 'Plan 3Mbps Bajada / 1.5Mbps Subida ', 'Residencial', '0000-00-00', '', 1),
(91, 'Johana Bohorquez', '', 0, 'Trocha 10 Pio12 Guamal Meta', '', '', '', '', '', '0000-00-00', '0000-00-00', '', 1, 'Enero', 0, 'Plan 2Mbps Bajada / 1Mbps Subida ', 'Residencial', '0000-00-00', '', 1),
(92, 'Jhoana Rabelo-3142472041', '', 0, 'cll 18A#9-26 Paraiso-3134699993', '', '', '', '', '45000', '2017-12-06', '0000-00-00', '1', 0, 'Enero', 76, 'Plan 2Mbps Bajada / 1Mbps Subida ', 'Residencial', '0000-00-00', '', 1),
(93, 'Jhon Rodrigo Espinoza 3132613147', '', 0, 'VEREDA BETANIA FINCA LOS GUADUALES ', '', '', '', '', '45000', '2017-11-07', '0000-00-00', '1', 1, 'Enero', 0, 'Plan 2Mbps Bajada / 1Mbps Subida ', 'Residencial', '0000-00-00', '', 1),
(94, 'Jhon Steve Ayala', '', 0, 'VRDA VIOLETAS CASTILLA META', '', '', '', '', '45000', '2017-11-27', '0000-00-00', '15', 1, 'Enero', 0, 'Plan 2Mbps Bajada / 1Mbps Subida ', 'Residencial', '0000-00-00', '', 1),
(95, 'Jean Carlos Romero-20,000', '', 0, 'Cra 8 Fundadores Guamal Meta', '', '', '', '', '40000', '2017-10-05', '0000-00-00', '1', 4, 'Enero', 9, 'Plan 2Mbps Bajada / 1Mbps Subida ', 'Residencial', '0000-00-00', '', 1),
(96, 'Johan Lagos', '', 0, 'Brr C Agraria Guamal Meta', '', '', '', '', '45000', '2017-11-17', '0000-00-00', '15', 1, 'Enero', 52, 'Plan 2Mbps Bajada / 1Mbps Subida ', 'Residencial', '0000-00-00', '', 1),
(97, 'JORGE CALDERON', '', 0, 'BRR FUNDADORES', '', '', '', '', '50000', '2017-05-12', '0000-00-00', '1', 7, 'Enero', 101, 'Plan 3Mbps Bajada / 1.5Mbps Subida ', 'Residencial', '0000-00-00', '', 1),
(98, 'JORGE VELAZQUES', '', 0, 'CLL 12#8-05 Guamal Meta', '', '', '', '', '60000', '2017-11-29', '0000-00-00', '1', 1, 'Enero', 14, 'Plan 3Mbps Bajada / 1.5Mbps Subida ', 'Residencial', '0000-00-00', '', 1),
(99, 'JOSE ALCIDES FLORES', '', 0, 'BRR VILLA CLAUDIA CLL 6 9-68 ', '', '', '', '', '45000', '2017-09-21', '0000-00-00', '1', 5, 'Enero', 22, 'Plan 2Mbps Bajada / 1Mbps Subida ', 'Residencial', '0000-00-00', '', 1),
(100, 'Jorge Velazco', '', 0, 'Cacayal Castilla La Nueva', '', '', '', '', '45000', '2017-12-05', '0000-00-00', '1', 0, 'Enero', 0, 'Plan 2Mbps Bajada / 1Mbps Subida ', 'Residencial', '0000-00-00', '', 1),
(101, 'Jose Luis Linares', '', 0, 'TRASV 3A # 16-111 LAS BRISAS ', '', '', '', '', '45000', '2017-12-01', '0000-00-00', '1', 0, 'Enero', 98, 'Plan 2Mbps Bajada / 1Mbps Subida ', 'Residencial', '0000-00-00', '', 1),
(102, 'JOSE CASTRO', '', 0, 'BAR FUNDADORES', '', '', '', '', '40000', '2017-11-16', '0000-00-00', '15', 2, 'Enero', 11, 'Plan 2Mbps Bajada / 1Mbps Subida ', 'Residencial', '0000-00-00', '', 1),
(103, 'Jose Jimenez', '', 0, 'Brr Floresta Guamal Meta', '', '', '', '', '35000', '2017-12-05', '0000-00-00', '1', 0, 'Enero', 46, 'Plan 2Mbps Bajada / 1Mbps Subida ', 'Residencial', '0000-00-00', '', 1),
(104, 'JOSE MANUEL CABALLERO ', '', 0, 'TR 4 VRDA LA PAZ GUAMAL  META', '', '', '', '', '45000', '2017-12-04', '0000-00-00', '1', 1, 'Enero', 0, 'Plan 2Mbps Bajada / 1Mbps Subida ', 'Residencial', '0000-00-00', '', 1),
(105, 'Jorge Eliecer  Marroqui', '', 0, 'Violetas San Agustin- Castilla', '', '', '', '', '40000', '2017-10-13', '0000-00-00', '1', 4, 'Enero', 0, 'Plan 2Mbps Bajada / 1Mbps Subida ', 'Residencial', '0000-00-00', '', 1),
(106, 'Jorge Arciniegas', '', 0, 'Vrda cacayal Castilla-Meta', '', '', '', '', '45000', '0000-00-00', '0000-00-00', '1', 0, 'Enero', 0, 'Plan 2Mbps Bajada / 1Mbps Subida ', 'Residencial', '0000-00-00', '', 1),
(107, 'Jose Garavito', '', 0, 'BARRIO PARAISO', '', '', '', '', '38000', '2017-12-13', '0000-00-00', '1', 2, 'Enero', 0, 'Plan 2Mbps Bajada / 1Mbps Subida ', 'Residencial', '0000-00-00', '', 1),
(108, 'JOSE FREDY VIDAL ', '', 0, 'VEREDA PIO 12', '', '', '', '', '45000', '2017-12-09', '0000-00-00', '1', 0, 'Enero', 0, 'Plan 2Mbps Bajada / 1Mbps Subida ', 'Residencial', '0000-00-00', '', 1),
(109, 'Jose Parra', '', 0, 'CR 7 16-20 BR FUND GUAMAL META', '', '', '', '', '45000', '2017-12-05', '0000-00-00', '1', 0, 'Enero', 79, 'Plan 2Mbps Bajada / 1Mbps Subida ', 'Residencial', '0000-00-00', '', 1),
(110, 'JHON ROZO', '', 0, 'CASTILLA LA NUEVA', '', '', '', '', '45000', '2017-12-17', '0000-00-00', '15', 0, 'Enero', 0, 'Plan 2Mbps Bajada / 1Mbps Subida ', 'Residencial', '0000-00-00', '', 1),
(111, 'JULIAN VELASQUEZ  3202906074', '', 0, 'VEREDA PIO 12 FINCA LA ALDEA ', '', '', '', '', '45000', '2017-12-23', '0000-00-00', '15', 0, 'Enero', 95, 'Plan 2Mbps Bajada / 1Mbps Subida ', 'Residencial', '0000-00-00', '', 1),
(112, 'Juan Carlos Jaimes Villamizar', '', 0, 'FCA SAN SEBASTIAN VRDA ISLA GUAMAL META', '', '', '', '', '45000', '2017-12-20', '0000-00-00', '15', 1, 'Enero', 0, 'Plan 2Mbps Bajada / 1Mbps Subida ', 'Residencial', '0000-00-00', '', 1),
(113, 'Juan David Rivillas', '', 0, 'Vrda Violetas Castilla Meta', '', '', '', '', '45000', '2017-12-11', '0000-00-00', '1', 1, 'Enero', 0, 'Plan 2Mbps Bajada / 1Mbps Subida ', 'Residencial', '0000-00-00', '', 1),
(114, 'LEONARDO LEON', '', 0, 'V. LA PAZ ', '', '', '', '', '55000', '0000-00-00', '0000-00-00', '15', 2, 'Enero', 0, 'Plan 3Mbps Bajada / 1.5Mbps Subida ', 'Residencial', '0000-00-00', '', 1),
(115, 'Leandro Matias', '', 0, 'Fca Nona Narciso Matus', '', '', '', '', '45000', '2017-12-01', '0000-00-00', '1', 0, 'Enero', 96, 'Plan 2Mbps Bajada / 1Mbps Subida ', 'Residencial', '0000-00-00', '', 1),
(116, 'Leidy Lopez', '', 0, ' T 2 apt 103 Altos S Jose Castilla Meta ', '', '', '', '', '40000', '2017-11-10', '0000-00-00', '1', 2, 'Enero', 106, 'Plan 2Mbps Bajada / 1Mbps Subida ', 'Residencial', '0000-00-00', '', 1),
(117, 'LEIDY RUIZ ', '', 0, 'BRR FLORESTA', '', '', '', '', '45000', '2017-10-28', '0000-00-00', '15', 3, 'Enero', 47, 'Plan 2Mbps Bajada / 1Mbps Subida ', 'Residencial', '0000-00-00', '', 1),
(118, 'Leonardo Medina', '', 0, 'Vrda Violetas Castilla Meta', '', '', '', '', '45000', '2017-11-17', '0000-00-00', '1', 1, 'Enero', 0, 'Plan 2Mbps Bajada / 1Mbps Subida ', 'Residencial', '0000-00-00', '', 1),
(119, 'Lida Cano', '', 0, 'BRR BOSQUES DE STA BARBARA GUAMAL META', '', '', '', '', '40000', '2017-12-12', '0000-00-00', '1', 0, 'Enero', 84, 'Plan 2Mbps Bajada / 1Mbps Subida ', 'Residencial', '0000-00-00', '', 1),
(120, 'LIGIA TRIANA', '', 0, 'BRR FUNDADORES', '', '', '', '', '40000', '2017-10-17', '0000-00-00', '1', 2, 'Enero', 69, 'Plan 2Mbps Bajada / 1Mbps Subida ', 'Residencial', '0000-00-00', '', 1),
(121, 'LILIANA MAYORGA ', '', 0, 'VRDA ENCANTO GUAMAL META', '', '', '', '', '45000', '2017-11-04', '0000-00-00', '15', 2, 'Enero', 0, 'Plan 2Mbps Bajada / 1Mbps Subida ', 'Residencial', '0000-00-00', '', 1),
(122, 'Lorena Gonzales', '', 0, 'Cll 21#36-29 Guamal Meta', '', '', '', '', '45000', '2017-12-04', '0000-00-00', '1', 0, 'Enero', 94, 'Plan 2Mbps Bajada / 1Mbps Subida ', 'Residencial', '0000-00-00', '', 1),
(123, 'Luis Alberto Barreto', '', 0, 'VEREDA SAN MIGUEL FINCA VILLA ALICIA ', '', '', '', '', '60000', '2017-12-26', '0000-00-00', '1', 0, 'Enero', 0, 'Plan 3Mbps Bajada / 1.5Mbps Subida ', 'Residencial', '0000-00-00', '', 1),
(124, 'Luz Mery ortega', '', 0, 'Vda Violetas Castilla-Meta', '', '', '', '', '45000', '2017-10-21', '0000-00-00', '15', 2, 'Enero', 0, 'Plan 2Mbps Bajada / 1Mbps Subida ', 'Residencial', '0000-00-00', '', 1),
(125, 'LUZ DARY ', '', 0, 'BRR FUNDADORES GUAMAL META', '', '', '', '', '45000', '2017-12-15', '0000-00-00', '1', 0, 'Enero', 60, 'Plan 2Mbps Bajada / 1Mbps Subida ', 'Residencial', '0000-00-00', '', 1),
(126, 'LUISA CAMACHO', '', 0, 'CALLE 10 A # 9-27 UUBANIZACION LAS VILLAS ', '', '', '', '', '45000', '2017-12-18', '0000-00-00', '15', 0, 'Enero', 18, 'Plan 2Mbps Bajada / 1Mbps Subida ', 'Residencial', '0000-00-00', '', 1),
(127, 'Luisa Avendaño-3122888837', '', 0, 'CLL 22#3A 12 NARCISO MATUS GUAMAL META', '', '', '', '', '45000', '2017-12-07', '0000-00-00', '1', 0, 'Enero', 93, 'Plan 2Mbps Bajada / 1Mbps Subida ', 'Residencial', '0000-00-00', '', 1),
(128, 'Luis Parra', '', 0, 'Trocha 5 La paz Guamal Meta', '', '', '', '', '45000', '2017-12-20', '0000-00-00', '1', 0, 'Enero', 0, 'Plan 2Mbps Bajada / 1Mbps Subida ', 'Residencial', '0000-00-00', '', 1),
(129, 'Lyda Francy Figueroa', '', 0, 'CR 4#11-26 Brr Centro', '', '', '', '', '40000', '2017-12-01', '0000-00-00', '1', 0, 'Enero', 61, 'Plan 2Mbps Bajada / 1Mbps Subida ', 'Residencial', '0000-00-00', '', 1),
(130, 'Manuel camacho-3107516207', '', 0, 'Fca Maporita Pio12 Guamal Meta', '', '', '', '', '45000', '2017-11-16', '0000-00-00', '15', 1, '', 0, 'Plan 2Mbps Bajada / 1Mbps Subida ', 'Residencial', '0000-00-00', '', 1),
(131, 'Manuel Espitia', '', 0, 'V. PIO 12 F.VILLA PAULA', '', '', '', '', '45000', '2017-09-01', '0000-00-00', '1', 3, 'Enero', 0, 'Plan 2Mbps Bajada / 1Mbps Subida ', 'Residencial', '0000-00-00', '', 1),
(132, 'Maria Angelica Mateus', '', 0, 'Diag 13#3A-11 Brr Ferias Guamal Meta', '', '', '', '', '65000', '0000-00-00', '0000-00-00', '1', 0, 'Enero', 66, 'Plan 4Mbps Bajada / 2Mbps Subida ', 'Residencial', '0000-00-00', '', 1),
(133, 'MARIA EDIHT PARDO ', '', 0, 'CARRERA 3 B # 2-11 BARRIO NARCISO MATUS', '', '', '', '', '45000', '2017-12-21', '0000-00-00', '1', 0, 'Enero', 92, 'Plan 2Mbps Bajada / 1Mbps Subida ', 'Residencial', '0000-00-00', '', 1),
(134, 'MARIA LIBIA PEREA', '', 0, 'VEREDA EL ENCANTO', '', '', '', '', '45000', '2017-11-22', '0000-00-00', '1', 1, 'Enero', 0, 'Plan 2Mbps Bajada / 1Mbps Subida ', 'Residencial', '0000-00-00', '', 1),
(135, 'Maria Ruiz Bonilla', '', 0, 'ALCARAVAN CASA 10', '', '', '', '', '45000', '2017-12-18', '0000-00-00', '1', 0, 'Enero', 86, 'Plan 2Mbps Bajada / 1Mbps Subida ', 'Residencial', '0000-00-00', '', 1),
(136, 'MARINA CADENA ', '', 0, 'CRA 17 #42 B. PARAISO', '', '', '', '', '40000', '0000-00-00', '0000-00-00', '1', 1, 'Enero', 0, 'Plan 2Mbps Bajada / 1Mbps Subida ', 'Residencial', '0000-00-00', '', 1),
(137, 'MARIELA MOSQUERA', '', 0, 'VRDA VIOLETS GUAMAL META', '', '', '', '', '45000', '0000-00-00', '0000-00-00', '1', 5, '', 0, 'Plan 2Mbps Bajada / 1Mbps Subida ', 'Residencial', '0000-00-00', '', 1),
(138, 'Marisol Diaz', '', 0, 'FCA LLANERITA VRDA DANUBIO GUAMAL META', '', '', '', '', '60000', '2017-12-07', '0000-00-00', '1', 0, 'Enero', 0, 'Plan 3Mbps Bajada / 1.5Mbps Subida ', 'Residencial', '0000-00-00', '', 1),
(139, 'MARITZA REYES ', '', 0, 'carrera 13 N. 12-29', '', '', '', '', '45000', '0000-00-00', '0000-00-00', '15', 7, 'Enero', 42, 'Plan 2Mbps Bajada / 1Mbps Subida ', 'Residencial', '0000-00-00', '', 1),
(140, 'MARTHA SALAZAR', '', 0, 'VRDA SAN MIGUEL GUAMAL META', '', '', '', '', '45000', '2017-12-06', '0000-00-00', '1', 2, 'Enero', 0, 'Plan 2Mbps Bajada / 1Mbps Subida ', 'Residencial', '0000-00-00', '', 1),
(141, 'Mauricio Bermudez', '', 0, 'C. 25 CONJUNTO LA EXTRELLA ACACIAS ', '', '', '', '', '60000', '2017-11-27', '0000-00-00', '1', 1, 'Enero', 0, 'Plan 3Mbps Bajada / 1.5Mbps Subida ', 'Residencial', '0000-00-00', '', 1),
(142, 'MAURICIO PARDO ', '', 0, 'CALLE 4 # 9-55 SAN JERONUMO', '', '', '', '', '45000', '2017-12-04', '0000-00-00', '1', 0, 'Enero', 24, 'Plan 2Mbps Bajada / 1Mbps Subida ', 'Residencial', '0000-00-00', '', 1),
(143, 'MERY DAVEIVA  NIETO ', '', 0, 'BARRIO SAN ROQUE CASTILLA ', '', '', '', '', '45000', '2017-11-20', '0000-00-00', '1', 0, 'Enero', 107, 'Plan 2Mbps Bajada / 1Mbps Subida ', 'Residencial', '0000-00-00', '', 1),
(144, 'MERY VARGAS PAPELERIA LA SOSAS', '', 0, 'Brr Paraiso Cra 9', '', '', '', '', '30000', '2017-12-09', '0000-00-00', '1', 3, 'Enero', 75, 'Plan 2Mbps Bajada / 1Mbps Subida ', 'Residencial', '0000-00-00', '', 1),
(145, 'Milexi Carreño', '', 0, 'CRA 8 # 10A-05 ', '', '', '', '', '45000', '2017-12-19', '0000-00-00', '15', 0, 'Enero', 16, 'Plan 2Mbps Bajada / 1Mbps Subida ', 'Residencial', '0000-00-00', '', 1),
(146, 'Milton Fontecha', '', 0, 'Brr Fundadores Guamal Meta', '', '', '', '', '45000', '2017-12-06', '0000-00-00', '15', 1, 'Enero', 67, 'Plan 2Mbps Bajada / 1Mbps Subida ', 'Residencial', '0000-00-00', '', 1),
(147, 'Natali Colón', '', 0, 'Vra Pio X12 Guamal Meta', '', '', '', '', '45000', '2017-12-02', '2017-12-02', '1', 0, '', 0, 'Plan 2Mbps Bajada / 1Mbps Subida ', 'Residencial', '0000-00-00', '', 1),
(148, 'Natalia Lagos', '', 0, 'Cll 12 Fundadores Guamal Meta', '', '', '', '', '45000', '2017-12-09', '0000-00-00', '1', 0, 'Enero', 50, 'Plan 2Mbps Bajada / 1Mbps Subida ', 'Residencial', '0000-00-00', '', 1),
(149, 'Natalia Rojas', '', 0, 'A S Jose T18 apt 103', '', '', '', '', '45000', '0000-00-00', '0000-00-00', '15', 0, 'Enero', 0, 'Plan 2Mbps Bajada / 1Mbps Subida ', 'Residencial', '0000-00-00', '', 1),
(150, 'Nelson Dario Diaz ayala', '', 0, 'Vrda Monte Bello 3138520609', '', '', '', '', '90000', '2017-12-27', '0000-00-00', '1', 0, 'Enero', 0, 'Plan 5Mbps Bajada / 2.5Mbps Subida ', 'Residencial', '0000-00-00', '', 1),
(151, 'OLGA ROZO', '', 0, 'VEREDA BETANIA', '', '', '', '', '45000', '2017-12-21', '0000-00-00', '15', 0, 'Enero', 0, 'Plan 2Mbps Bajada / 1Mbps Subida ', 'Residencial', '0000-00-00', '', 1),
(152, 'OMAR GOMEZ', '', 0, 'BAR LA FLORESTA', '', '', '', '', '45000', '2017-12-01', '0000-00-00', '15', 0, 'Enero', 43, 'Plan 2Mbps Bajada / 1Mbps Subida ', 'Residencial', '0000-00-00', '', 1),
(153, 'Omar Hernandez', '', 0, 'VILLA MARIA ', '', '', '', '', '30000', '2017-12-02', '2017-12-30', '1', 0, '', 0, 'Plan 2Mbps Bajada / 1Mbps Subida ', 'Residencial', '0000-00-00', '', 1),
(154, 'OSWALDO CAMACHO ', '', 0, 'CALLE 12 # 4-53 ', '', '', '', '', '45000', '2017-11-01', '0000-00-00', '1', 2, 'Enero', 57, 'Plan 2Mbps Bajada / 1Mbps Subida ', 'Residencial', '0000-00-00', '', 1),
(155, 'Orlando Quevedo', '', 0, 'CALL 11#8-19 FUNDADORES', '', '', '', '', '45000', '0000-00-00', '0000-00-00', '1', 0, 'Enero', 8, 'Plan 2Mbps Bajada / 1Mbps Subida ', 'Residencial', '0000-00-00', '', 1),
(156, 'PATRICIA PRADA', '', 0, 'CALLE 10B #11A-28 LA FLORESTA ', '', '', '', '', '40000', '2017-12-05', '0000-00-00', '15', 1, 'Enero', 44, 'Plan 2Mbps Bajada / 1Mbps Subida ', 'Residencial', '0000-00-00', '', 1),
(157, 'Paola', '', 0, 'Fundadores Guamal meta', '', '', '', '', '45000', '2017-12-05', '0000-00-00', '1', 0, 'Enero', 62, 'Plan 2Mbps Bajada / 1Mbps Subida ', 'Residencial', '0000-00-00', '', 1),
(158, 'PAOLA CRUZ', '', 0, 'VRDA VIOLETAS', '', '', '', '', '45000', '2017-12-09', '0000-00-00', '1', 1, 'Enero', 0, 'Plan 2Mbps Bajada / 1Mbps Subida ', 'Residencial', '0000-00-00', '', 1),
(159, 'Pablo Rodriguez', '', 0, 'FINCA SANTA ELENA V SAN MIGUEL ', '', '', '', '', '45000', '2017-12-18', '0000-00-00', '15', 0, 'Enero', 0, 'Plan 2Mbps Bajada / 1Mbps Subida ', 'Residencial', '0000-00-00', '', 1),
(160, 'PABLO ALBERTO MOSQUERA ', '', 0, 'VRDA DANUBIO', '', '', '', '', '50000', '2017-11-15', '0000-00-00', '1', 2, 'Enero', 0, 'Plan 3Mbps Bajada / 1.5Mbps Subida ', 'Residencial', '0000-00-00', '', 1),
(161, 'Pablo Melo', '', 0, 'Fca S Rafael Turuy Castilla Meta', '', '', '', '', '60000', '2017-12-15', '0000-00-00', '1', 0, 'Enero', 0, 'Plan 3Mbps Bajada / 1.5Mbps Subida ', 'Residencial', '0000-00-00', '', 1),
(162, 'Planton Pio XII', '', 0, 'Guamal Meta', '', '', '', '', '45000', '2017-11-10', '0000-00-00', '1', 1, 'Enero', 0, 'Plan 2Mbps Bajada / 1Mbps Subida ', 'Residencial', '0000-00-00', '', 1),
(163, 'Ramon Pabon', '', 0, 'Fca Marias Turuy Castilla Meta', '', '', '', '', '45000', '2017-11-22', '0000-00-00', '1', 1, 'Enero', 0, 'Plan 2Mbps Bajada / 1Mbps Subida ', 'Residencial', '0000-00-00', '', 1),
(164, 'Ricardo Gonzales', '', 0, 'HUMADEA VRDA ', '', '', '', '', '60000', '2017-12-20', '0000-00-00', '15', 0, 'Enero', 0, 'Plan 3Mbps Bajada / 1.5Mbps Subida ', 'Residencial', '0000-00-00', '', 1),
(165, 'REINEL MORENO+$70.000', '', 0, 'H. STA TERESITA CASTILLA LA NUEVA', '', '', '', '', '135000', '2017-12-26', '0000-00-00', '15', 1, 'Enero', 0, 'Plan 8Mbps Bajada / 3.5Mbps Subida ', 'Residencial', '0000-00-00', '', 1),
(166, 'Remigio Morales', '', 0, 'Mz C cs 25 Brr Alcaravan Guamal Meta', '', '', '', '', '45000', '2017-12-01', '0000-00-00', '1', 0, 'Enero', 89, 'Plan 2Mbps Bajada / 1Mbps Subida ', 'Residencial', '0000-00-00', '', 1),
(167, 'Ricardo Gil', '', 0, 'VRDA ISLA GUAMAL  META', '', '', '', '', '60000', '2017-12-22', '2017-12-22', '1', 0, 'Enero', 0, 'Plan 3Mbps Bajada / 1.5Mbps Subida ', 'Residencial', '0000-00-00', '', 1),
(168, 'Ricardo Tellez', '', 0, 'Vrda Pio 12 Guamal Meta', '', '', '', '', '45000', '0000-00-00', '0000-00-00', '1', 0, 'Enero', 0, 'Plan 2Mbps Bajada / 1Mbps Subida ', 'Residencial', '0000-00-00', '', 1),
(169, 'ROBERTO RODRIGUEZ', '', 0, 'VEREDA PIO XII', '', '', '', '', '40000', '2017-09-05', '0000-00-00', '1', 5, 'Enero', 0, 'Plan 2Mbps Bajada / 1Mbps Subida ', 'Residencial', '0000-00-00', '', 1),
(170, 'Rolando Acero', '', 0, 'Cra 7 18-1125', '', '', '', '', '45000', '2017-12-18', '0000-00-00', '1', 1, 'Enero', 79, 'Plan 2Mbps Bajada / 1Mbps Subida ', 'Residencial', '0000-00-00', '', 1),
(171, 'Robinson Trujillo', '', 0, 'vrda cacayal Castilla-Meta', '', '', '', '', '45000', '2017-12-14', '0000-00-00', '1', 0, 'Enero', 0, 'Plan 2Mbps Bajada / 1Mbps Subida ', 'Residencial', '0000-00-00', '', 1),
(172, 'Rosa lilia Lozano', '', 0, 'CALL 13#15 BARRIO FUNDADORES', '', '', '', '', '60000', '2017-12-02', '0000-00-00', '1', 1, 'Enero', 0, 'Plan 3Mbps Bajada / 1.5Mbps Subida ', 'Residencial', '0000-00-00', '', 1),
(173, 'Rudilma Barrera Acosta', '', 0, 'TORR 17 APART 101 CASTILLA3107847639', '', '', '', '', '45000', '2017-12-13', '0000-00-00', '1', 0, 'Enero', 0, 'Plan 2Mbps Bajada / 1Mbps Subida ', 'Residencial', '0000-00-00', '', 1),
(174, 'Rubiela Mora', '', 0, 'DIA 13#5-16 L. FERIAS GUAMAL 3202446177', '', '', '', '', '40000', '2017-12-22', '0000-00-00', '1', 0, 'Enero', 68, 'Plan 2Mbps Bajada / 1Mbps Subida ', 'Residencial', '0000-00-00', '', 1),
(175, 'Ruth Maritza Falla', '', 0, 'Fca Alamos Lo 6 Santa Ana Guamal Meta', '', '', '', '', '45000', '0000-00-00', '0000-00-00', '1', 0, 'Enero', 0, 'Plan 2Mbps Bajada / 1Mbps Subida ', 'Residencial', '0000-00-00', '', 1),
(176, 'Ruth Yague Bernal', '', 0, 'Pio XII Trocha#7 Guamal Meta', '', '', '', '', '45000', '0000-00-00', '0000-00-00', '1', 0, 'Enero', 96, 'Plan 2Mbps Bajada / 1Mbps Subida ', 'Residencial', '0000-00-00', '', 1),
(177, 'Santiago Merlim', '', 0, 'Acacias Meta', '', '', '', '', '45000', '2017-10-14', '0000-00-00', '1', 3, '', 0, 'Plan 2Mbps Bajada / 1Mbps Subida ', 'Residencial', '0000-00-00', '', 1),
(178, 'Sandra Arias Pardo', '', 0, 'Vrda San Miguel Guamal Meta', '', '', '', '', '40000', '2017-10-13', '0000-00-00', '15', 2, 'Enero', 102, 'Plan 2Mbps Bajada / 1Mbps Subida ', 'Residencial', '0000-00-00', '', 1),
(179, 'Sandra Lovaton', '', 0, 'BARR EL PARAISO', '', '', '', '', '45000', '2017-11-21', '0000-00-00', '15', 3, 'Enero', 77, 'Plan 2Mbps Bajada / 1Mbps Subida ', 'Residencial', '0000-00-00', '', 1),
(180, 'Servientrega', '', 0, 'CARRERA 7# 13-52', '', '', '', '', '45000', '2017-12-06', '0000-00-00', '1', 0, 'Enero', 99, 'Plan 2Mbps Bajada / 1Mbps Subida ', 'Residencial', '0000-00-00', '', 1),
(181, 'Simon Pinilla', '', 0, 'MANGA DE COLEO CASTILLA ', '', '', '', '', '60000', '2017-12-30', '0000-00-00', '15', 0, 'Enero', 0, 'Plan 3Mbps Bajada / 1.5Mbps Subida ', 'Residencial', '0000-00-00', '', 1),
(182, 'Sonia Martinez', '', 0, 'Fca laguitos Violetas Castilla Meta', '', '', '', '', '40000', '2017-12-22', '0000-00-00', '15', 0, 'Enero', 0, 'Plan 2Mbps Bajada / 1Mbps Subida ', 'Residencial', '0000-00-00', '', 1),
(183, 'Sor Angelica Caicedo', '', 0, 'V.VIOLETAS BARRIO VILLA JHOANA', '', '', '', '', '45000', '2017-12-01', '0000-00-00', '1', 1, 'Enero', 0, 'Plan 2Mbps Bajada / 1Mbps Subida ', 'Residencial', '0000-00-00', '', 1),
(184, 'Suly Carolina Tellez', '', 0, 'Fca Esmeralda Pio12', '', '', '', '', '45000', '2017-11-14', '0000-00-00', '15', 1, 'Enero', 0, 'Plan 2Mbps Bajada / 1Mbps Subida ', 'Residencial', '0000-00-00', '', 1),
(185, 'Supermercado el Madrigal', '', 0, 'BRR FUNDADORES', '', '', '', '', '90000', '2017-12-01', '0000-00-00', '1', 0, 'Enero', 6, 'Plan 5Mbps Bajada / 2.5Mbps Subida ', 'Residencial', '0000-00-00', '', 1),
(186, 'Trinidad Torres', '', 0, 'DIAGONAL 13 3A-40 FERIAS GUAMAL META', '', '', '', '', '40000', '2017-11-09', '0000-00-00', '1', 2, 'Enero', 82, 'Plan 2Mbps Bajada / 1Mbps Subida ', 'Residencial', '0000-00-00', '', 1),
(187, 'Uriel Arcangel Mancera', '', 0, 'Trocha 5 La paz Guamal Meta', '', '', '', '', '45000', '2017-12-23', '0000-00-00', '1', 0, 'Enero', 0, 'Plan 2Mbps Bajada / 1Mbps Subida ', 'Residencial', '0000-00-00', '', 1),
(188, 'Willian Cubillos', '', 0, 'Vrda Amistad Cubarral Meta', '', '', '', '', '45000', '2017-11-05', '0000-00-00', '1', 1, 'Enero', 0, 'Plan 2Mbps Bajada / 1Mbps Subida ', 'Residencial', '0000-00-00', '', 1),
(189, 'Wilian Adrian Conde', '', 0, 'VRDA VERGEL FCA VERGEL', '', '', '', '', '60000', '2017-11-03', '0000-00-00', '1', 1, 'Enero', 97, 'Plan 3Mbps Bajada / 1.5Mbps Subida ', 'Residencial', '0000-00-00', '', 1),
(190, 'XIOMARA MELO', '', 0, 'BRR VLL MARIA', '', '', '', '', '30000', '2017-10-18', '0000-00-00', '1', 2, 'Enero', 31, 'Plan 2Mbps Bajada / 1Mbps Subida ', 'Residencial', '0000-00-00', '', 1),
(191, 'Victor Borbon', '', 0, 'Vrda Encanto C Alegre-3123052329- Guamal meta', '', '', '', '', '80000', '2017-12-28', '0000-00-00', '1', 0, 'Enero', 103, 'Plan 5Mbps Bajada / 2.5Mbps Subida ', 'Residencial', '0000-00-00', '', 1),
(192, 'Victor mendoza', '', 0, 'Cra 9 #12 Fundadores Guamal Meta', '', '', '', '', '75000', '2017-11-20', '0000-00-00', '1', 1, 'Enero', 100, 'Plan 4Mbps Bajada / 2Mbps Subida ', 'Residencial', '0000-00-00', '', 1),
(193, 'Yaqueline Ortegon Escobar', '', 0, 'CLL 13A  BRR JULIO MAYORGA', '', '', '', '', '45000', '2017-12-11', '0000-00-00', '1', 0, 'Enero', 55, 'Plan 2Mbps Bajada / 1Mbps Subida ', 'Residencial', '0000-00-00', '', 1),
(194, 'Yeison Rodriguez', '', 0, 'MzG casa 8 Guamal Meta', '', '', '', '', '45000', '2017-11-20', '0000-00-00', '15', 1, 'Enero', 40, 'Plan 2Mbps Bajada / 1Mbps Subida ', 'Residencial', '0000-00-00', '', 1),
(195, 'Yeison Cadena', '', 0, 'Cra 7#16-10 Guamal Meta', '', '', '', '', '40000', '0000-00-00', '0000-00-00', '1', 0, 'Enero', 80, 'Plan 2Mbps Bajada / 1Mbps Subida ', 'Residencial', '0000-00-00', '', 1),
(196, 'Yeison Garcia-3163838797', '', 0, 'cll11#11-48 brr Floresta Guamal Meta', '', '', '', '', '45000', '2017-11-16', '0000-00-00', '15', 2, 'Enero', 45, 'Plan 2Mbps Bajada / 1Mbps Subida ', 'Residencial', '0000-00-00', '', 1),
(197, 'Yenny Paola Martinez', '', 0, 'CALLE 7 # 9-70  banco agrario', '', '', '', '', '45000', '2017-12-13', '0000-00-00', '15', 0, 'Enero', 19, 'Plan 2Mbps Bajada / 1Mbps Subida ', 'Residencial', '0000-00-00', '', 1),
(198, 'Yenny Franco 1123510573', '', 0, 'CASTILLA F.PORVENIR V SAN AGUSTIN ', '', '', '', '', '45000', '2017-12-15', '0000-00-00', '1', 0, 'Enero', 0, 'Plan 2Mbps Bajada / 1Mbps Subida ', 'Residencial', '0000-00-00', '', 1),
(199, 'Yesica Liliana Tobo', '', 0, 'V LA PAZ', '', '', '', '', '45000', '2017-12-01', '0000-00-00', '1', 1, '', 0, 'Plan 2Mbps Bajada / 1Mbps Subida ', 'Residencial', '0000-00-00', '', 1),
(200, 'Yineth Xiomara Camacho', '', 0, 'CLL 11#4-04 BRR FUND GUAMAL-META', '', '', '', '', '45000', '2017-12-04', '0000-00-00', '1', 1, 'Enero', 12, 'Plan 2Mbps Bajada / 1Mbps Subida ', 'Residencial', '0000-00-00', '', 1),
(201, 'Yulieth Rojas ', '', 0, 'Cra 9 Brr Vll Claudia Guamal Meta', '', '', '', '', '105000', '2017-12-26', '0000-00-00', '1', 0, 'Enero', 23, 'Plan 6Mbps Bajada / 3.0Mbps Subida ', 'Residencial', '0000-00-00', '', 1),
(202, 'Zulma Romero', '', 0, 'Vrda San Agustin Castilla meta', '', '', '', '', '45000', '2017-12-19', '0000-00-00', '15', 0, 'Enero', 0, 'Plan 2Mbps Bajada / 1Mbps Subida ', 'Residencial', '0000-00-00', '', 1),
(207, 'William ', 'Pinzon Villamizar', 13568345, 'Vrda Montecristo Bajo', 'Guamal', 'Meta', 'william@mbajo.com', '3174012968', '90000', '0000-00-00', '0000-00-00', '1', -1, '', 999, '4', 'Residencial', '2018-01-30', 'ispdev', 1),
(208, 'Yefferson ', 'Saavedra', 1123086346, 'Cr 10 #12-43 Fundadores', 'Guamal', 'Meta', 'eelbatero26@gmail.com', '3103163800', '45000', '0000-00-00', '0000-00-00', '1', -1, 'Enero', 999, '2', 'Residencial', '2018-01-30', 'ispdev', 1),
(209, 'Luz', 'Soler', 0, 'Vrda Pio 12 trocha 13 Fca Hetziba', 'Guamal', 'Meta', 'luzsoler@gmail.com', '3108178381', '45000', '0000-00-00', '0000-00-00', '1', -1, '', 999, '2', 'Residencial', '2018-01-30', 'ispdev', 1),
(210, 'Nubia', 'Estela Gonzales', 0, 'Pio 12', 'Guamal', 'Meta', 'nubia@gonzales.com', '3142286668', '45000', '0000-00-00', '0000-00-00', '1', -1, '', 999, '2', 'Residencial', '2018-01-30', 'ispdev', 1),
(211, 'Juan', 'Pablo Leon', 0, 'Mzna 3 Brr Villa Maria', 'Guamal', 'Meta', 'juan@leon.com', '3125640746', '45000', '0000-00-00', '0000-00-00', '1', 0, '', 999, '2', 'Residencial', '2018-01-30', 'ispdev', 1),
(212, 'Alvaro ', 'Rodriguez Tacha', 0, 'Vrda Arenales ', 'Castilla La Nueva', 'Meta', 'alvaro@tacha.com', '3202472270', '45000', '0000-00-00', '0000-00-00', '1', -1, '', 999, '2', 'Residencial', '2018-01-30', 'ispdev', 1),
(213, 'Martha', 'Diaz', 0, 'Vrda Pio 12 Fca La Juliana', 'Guamal', 'Meta', 'martha@diaz.com', '3196116708', '45000', '0000-00-00', '0000-00-00', '1', -1, '', 999, '2', 'Residencial', '2018-01-30', 'ispdev', 1),
(214, 'Martha Lilia ', 'Niño', 0, 'Vrda San Agustin', 'Castilla La Nueva', 'Meta', 'martha@lilia.com', '3144260940', '45000', '0000-00-00', '0000-00-00', '1', -1, '', 999, '2', 'Residencial', '2018-01-30', 'ispdev', 1),
(215, 'Jhoana ', 'Navarro', 0, 'Vrda Pio 12 Fca La Aldea', 'Guamal', 'Meta', 'jhoana@navarro.com', '3134332954', '45000', '0000-00-00', '0000-00-00', '15', 0, '', 999, '2', 'Residencial', '2018-01-30', 'ispdev', 1),
(216, 'Luis Angel', 'Vaca', 0, 'Vrda Encanto Fca Maracaibo', 'Guamal', 'Meta', 'angel@vaca.com', '3108806276', '45000', '0000-00-00', '0000-00-00', '1', -1, '', 999, '2', 'Residencial', '2018-01-30', 'ispdev', 1),
(217, 'Sandra ', 'Cespedes', 0, 'Cll 12#11-28', 'Guamal', 'Meta', 'sandra@cespedes.com', '3208111060', '60000', '0000-00-00', '0000-00-00', '1', -1, '', 999, '3', 'Residencial', '2018-01-30', 'ispdev', 1);

-- --------------------------------------------------------

--
-- Table structure for table `agcontrol`
--

CREATE TABLE IF NOT EXISTS `agcontrol` (
`id` int(11) NOT NULL,
  `s` int(11) NOT NULL,
  `v1` float NOT NULL,
  `v2` float NOT NULL,
  `r1` int(11) NOT NULL,
  `r2` int(11) NOT NULL,
  `r3` int(11) NOT NULL,
  `r4` int(11) NOT NULL,
  `rst` varchar(30) NOT NULL,
  `ip` varchar(60) NOT NULL,
  `fecha` date NOT NULL,
  `hora` varchar(60) NOT NULL,
  `time` timestamp NOT NULL DEFAULT CURRENT_TIMESTAMP
) ENGINE=MyISAM AUTO_INCREMENT=922 DEFAULT CHARSET=latin1;

--
-- Dumping data for table `agcontrol`
--

INSERT INTO `agcontrol` (`id`, `s`, `v1`, `v2`, `r1`, `r2`, `r3`, `r4`, `rst`, `ip`, `fecha`, `hora`, `time`) VALUES
(483, 1212, 12.9, 9.52, 1, 0, 1, 1, '0', '192.168.55.249 ', '2015-11-15', '07:08:02', '2015-11-15 12:08:02'),
(484, 1212, 12.9, 9.52, 1, 0, 1, 1, '0', '192.168.55.249 ', '2015-11-15', '07:38:01', '2015-11-15 12:38:01'),
(552, 1212, 12.3, 0.08, 0, 1, 1, 1, '0', '192.168.55.249 ', '2015-11-17', '00:34:50', '2015-11-17 05:34:50'),
(479, 1212, 12.9, 9.52, 1, 0, 1, 1, '0', '192.168.55.249 ', '2015-11-15', '06:38:02', '2015-11-15 11:38:02'),
(553, 1212, 12.4, 0.12, 0, 1, 1, 1, '0', '192.168.55.249 ', '2015-11-17', '00:49:50', '2015-11-17 05:49:50'),
(554, 1212, 12.3, 0.08, 0, 1, 1, 1, '0', '192.168.55.249 ', '2015-11-17', '01:04:50', '2015-11-17 06:04:50'),
(555, 1212, 12.3, 0.12, 0, 1, 1, 1, '0', '192.168.55.249 ', '2015-11-17', '01:19:49', '2015-11-17 06:19:49'),
(475, 1212, 12.9, 9.52, 1, 0, 1, 1, '0', '192.168.55.249 ', '2015-11-15', '05:38:03', '2015-11-15 10:38:03'),
(561, 1212, 12.3, 0.08, 0, 1, 1, 1, '0', '192.168.55.249 ', '2015-11-17', '02:49:48', '2015-11-17 07:49:48'),
(474, 1212, 12.9, 9.52, 1, 0, 1, 1, '0', '192.168.55.249 ', '2015-11-15', '05:23:04', '2015-11-15 10:23:04'),
(560, 1212, 12.3, 0.12, 0, 1, 1, 1, '0', '192.168.55.249 ', '2015-11-17', '02:34:48', '2015-11-17 07:34:48'),
(559, 1212, 12.4, 0.12, 0, 1, 1, 1, '0', '192.168.55.249 ', '2015-11-17', '02:19:48', '2015-11-17 07:19:48'),
(558, 1212, 12.4, 0.12, 0, 1, 1, 1, '0', '192.168.55.249 ', '2015-11-17', '02:04:49', '2015-11-17 07:04:49'),
(557, 1212, 12.3, 0.12, 0, 1, 1, 1, '0', '192.168.55.249 ', '2015-11-17', '01:49:49', '2015-11-17 06:49:49'),
(556, 1212, 12.3, 0.12, 0, 1, 1, 1, '0', '192.168.55.249 ', '2015-11-17', '01:34:49', '2015-11-17 06:34:49'),
(466, 1212, 12.9, 9.52, 1, 0, 1, 1, '0', '192.168.55.249 ', '2015-11-15', '03:23:06', '2015-11-15 08:23:06'),
(467, 1212, 12.9, 9.52, 1, 0, 1, 1, '0', '192.168.55.249 ', '2015-11-15', '03:38:05', '2015-11-15 08:38:05'),
(468, 1212, 12.9, 9.52, 1, 0, 1, 1, '0', '192.168.55.249 ', '2015-11-15', '03:53:05', '2015-11-15 08:53:05'),
(469, 1212, 12.9, 9.52, 1, 0, 1, 1, '0', '192.168.55.249 ', '2015-11-15', '04:08:05', '2015-11-15 09:08:05'),
(562, 1212, 12.4, 0.08, 0, 1, 1, 1, '0', '192.168.55.249 ', '2015-11-17', '03:04:48', '2015-11-17 08:04:48'),
(563, 1212, 12.3, 0.08, 0, 1, 1, 1, '0', '192.168.55.249 ', '2015-11-17', '03:04:58', '2015-11-17 08:04:58'),
(564, 1212, 12.3, 0.12, 0, 1, 1, 1, '0', '192.168.55.249 ', '2015-11-17', '03:19:47', '2015-11-17 08:19:47'),
(565, 1212, 12.3, 0.12, 0, 1, 1, 1, '0', '192.168.55.249 ', '2015-11-17', '03:34:47', '2015-11-17 08:34:47'),
(566, 1212, 12.4, 0.08, 0, 1, 1, 1, '0', '192.168.55.249 ', '2015-11-17', '03:49:47', '2015-11-17 08:49:47'),
(567, 1212, 12.3, 0.12, 0, 1, 1, 1, '0', '192.168.55.249 ', '2015-11-17', '04:04:47', '2015-11-17 09:04:47'),
(568, 1212, 12.3, 0.12, 0, 1, 1, 1, '0', '192.168.55.249 ', '2015-11-17', '04:19:46', '2015-11-17 09:19:46'),
(569, 1212, 12.4, 0.08, 0, 1, 1, 1, '0', '192.168.55.249 ', '2015-11-17', '04:34:46', '2015-11-17 09:34:46'),
(570, 1212, 12.3, 0.08, 0, 1, 1, 1, '0', '192.168.55.249 ', '2015-11-17', '04:34:56', '2015-11-17 09:34:56'),
(571, 1212, 12.3, 0.08, 0, 1, 1, 1, '0', '192.168.55.249 ', '2015-11-17', '04:49:46', '2015-11-17 09:49:46'),
(572, 1212, 12.3, 0.08, 0, 1, 1, 1, '0', '192.168.55.249 ', '2015-11-17', '05:04:46', '2015-11-17 10:04:46'),
(573, 1212, 12.3, 0.12, 0, 1, 1, 1, '0', '192.168.55.249 ', '2015-11-17', '05:19:45', '2015-11-17 10:19:45'),
(574, 1212, 12.3, 0.12, 0, 1, 1, 1, '0', '192.168.55.249 ', '2015-11-17', '05:34:45', '2015-11-17 10:34:45'),
(575, 1212, 12.3, 0.08, 0, 1, 1, 1, '0', '192.168.55.249 ', '2015-11-17', '05:49:45', '2015-11-17 10:49:45'),
(576, 1212, 12.3, 0.08, 0, 1, 1, 1, '0', '192.168.55.249 ', '2015-11-17', '06:04:45', '2015-11-17 11:04:45'),
(577, 1212, 12.3, 0.12, 0, 1, 1, 1, '0', '192.168.55.249 ', '2015-11-17', '06:19:44', '2015-11-17 11:19:44'),
(672, 1212, 12.4, 0.08, 0, 1, 1, 1, '0', '192.168.55.249 ', '2015-11-18', '09:19:53', '2015-11-18 14:19:53'),
(671, 1212, 12.3, 0.08, 0, 1, 1, 1, '0', '192.168.55.249 ', '2015-11-18', '08:19:54', '2015-11-18 13:19:54'),
(670, 1212, 12.3, 0.12, 0, 1, 1, 1, '0', '192.168.55.249 ', '2015-11-18', '08:04:53', '2015-11-18 13:04:53'),
(669, 1212, 12.3, 0.08, 0, 1, 1, 1, '0', '192.168.55.249 ', '2015-11-18', '07:49:54', '2015-11-18 12:49:54'),
(668, 1212, 12.4, 0.08, 0, 1, 1, 1, '0', '192.168.55.249 ', '2015-11-18', '07:34:54', '2015-11-18 12:34:54'),
(667, 1212, 12.3, 0.08, 0, 1, 1, 1, '0', '192.168.55.249 ', '2015-11-18', '07:34:46', '2015-11-18 12:34:46'),
(666, 1212, 12.3, 0.08, 0, 1, 1, 1, '0', '192.168.55.249 ', '2015-11-18', '07:19:47', '2015-11-18 12:19:47'),
(665, 1212, 12.4, 0.12, 0, 1, 1, 1, '0', '192.168.55.249 ', '2015-11-18', '07:04:47', '2015-11-18 12:04:47'),
(664, 1212, 12.3, 0.08, 0, 1, 1, 1, '0', '192.168.55.249 ', '2015-11-18', '06:49:47', '2015-11-18 11:49:47'),
(663, 1212, 12.4, 0.12, 0, 1, 1, 1, '0', '192.168.55.249 ', '2015-11-18', '06:34:47', '2015-11-18 11:34:47'),
(662, 1212, 12.4, 0.12, 0, 1, 1, 1, '0', '192.168.55.249 ', '2015-11-18', '06:19:48', '2015-11-18 11:19:48'),
(661, 1212, 12.3, 0.08, 0, 1, 1, 1, '0', '192.168.55.249 ', '2015-11-18', '06:04:48', '2015-11-18 11:04:48'),
(660, 1212, 12.4, 0.12, 0, 1, 1, 1, '0', '192.168.55.249 ', '2015-11-18', '05:49:48', '2015-11-18 10:49:48'),
(659, 1212, 12.3, 0.12, 0, 1, 1, 1, '0', '192.168.55.249 ', '2015-11-18', '05:34:48', '2015-11-18 10:34:48'),
(658, 1212, 12.3, 0.12, 0, 1, 1, 1, '0', '192.168.55.249 ', '2015-11-18', '05:19:49', '2015-11-18 10:19:49'),
(657, 1212, 12.3, 0.08, 0, 1, 1, 1, '0', '192.168.55.249 ', '2015-11-18', '05:04:49', '2015-11-18 10:04:49'),
(656, 1212, 12.3, 0.08, 0, 1, 1, 1, '0', '192.168.55.249 ', '2015-11-18', '04:49:49', '2015-11-18 09:49:49'),
(655, 1212, 12.4, 0.12, 0, 1, 1, 1, '0', '192.168.55.249 ', '2015-11-18', '04:34:49', '2015-11-18 09:34:49'),
(654, 1212, 12.3, 0.12, 0, 1, 1, 1, '0', '192.168.55.249 ', '2015-11-18', '04:19:50', '2015-11-18 09:19:50'),
(653, 1212, 12.4, 0.12, 0, 1, 1, 1, '0', '192.168.55.249 ', '2015-11-18', '04:04:50', '2015-11-18 09:04:50'),
(652, 1212, 12.3, 0.12, 0, 1, 1, 1, '0', '192.168.55.249 ', '2015-11-18', '03:49:50', '2015-11-18 08:49:50'),
(651, 1212, 12.4, 0.08, 0, 1, 1, 1, '0', '192.168.55.249 ', '2015-11-18', '03:34:50', '2015-11-18 08:34:50'),
(650, 1212, 12.4, 0.08, 0, 1, 1, 1, '0', '192.168.55.249 ', '2015-11-18', '03:19:50', '2015-11-18 08:19:50'),
(649, 1212, 12.3, 0.12, 0, 1, 1, 1, '0', '192.168.55.249 ', '2015-11-18', '03:04:51', '2015-11-18 08:04:51'),
(648, 1212, 12.3, 0.12, 0, 1, 1, 1, '0', '192.168.55.249 ', '2015-11-18', '02:49:51', '2015-11-18 07:49:51'),
(551, 1212, 12.3, 0.08, 0, 1, 1, 1, '0', '192.168.55.249 ', '2015-11-17', '00:19:50', '2015-11-17 05:19:50'),
(550, 1212, 12.3, 0.08, 0, 1, 1, 1, '0', '192.168.55.249 ', '2015-11-17', '00:04:51', '2015-11-17 05:04:51'),
(549, 1212, 12.3, 0.12, 0, 1, 1, 1, '0', '192.168.55.249 ', '2015-11-16', '23:34:51', '2015-11-17 04:34:51'),
(548, 1212, 12.4, 0.08, 0, 1, 1, 1, '0', '192.168.55.249 ', '2015-11-16', '23:19:52', '2015-11-17 04:19:52'),
(547, 1212, 12.3, 0.12, 0, 1, 1, 1, '0', '192.168.55.249 ', '2015-11-16', '23:04:52', '2015-11-17 04:04:52'),
(546, 1212, 12.3, 0.12, 0, 1, 1, 1, '0', '192.168.55.249 ', '2015-11-16', '22:49:52', '2015-11-17 03:49:52'),
(545, 1212, 12.4, 0.12, 0, 1, 1, 1, '0', '192.168.55.249 ', '2015-11-16', '21:19:54', '2015-11-17 02:19:54'),
(544, 1212, 12.3, 0.08, 0, 1, 1, 1, '0', '192.168.55.249 ', '2015-11-16', '21:04:54', '2015-11-17 02:04:55'),
(543, 1212, 12.4, 0.12, 0, 1, 1, 1, '0', '192.168.55.249 ', '2015-11-16', '20:49:55', '2015-11-17 01:49:55'),
(542, 1212, 12.4, 0.08, 0, 1, 1, 1, '0', '192.168.55.249 ', '2015-11-16', '20:34:55', '2015-11-17 01:34:55'),
(541, 1212, 12.3, 0.08, 0, 1, 1, 1, '0', '192.168.55.249 ', '2015-11-16', '20:19:55', '2015-11-17 01:19:55'),
(540, 1212, 12.3, 0.08, 0, 1, 1, 1, '0', '192.168.55.249 ', '2015-11-16', '20:04:55', '2015-11-17 01:04:55'),
(539, 1212, 12.4, 0.12, 0, 1, 1, 1, '0', '192.168.55.249 ', '2015-11-16', '19:49:55', '2015-11-17 00:49:55'),
(538, 1212, 10.8, 0.12, 0, 1, 1, 1, '0', '192.168.55.249 ', '2015-11-16', '19:17:26', '2015-11-17 00:17:26'),
(537, 1212, 10.8, 0.12, 0, 1, 1, 1, '0', '192.168.55.249 ', '2015-11-16', '18:52:04', '2015-11-16 23:52:04'),
(536, 1212, 10.8, 0.12, 0, 1, 1, 1, '0', '192.168.55.249 ', '2015-11-16', '18:37:54', '2015-11-16 23:37:54'),
(535, 1212, 10.8, 0.12, 0, 1, 1, 1, '0', '192.168.55.249 ', '2015-11-16', '17:50:58', '2015-11-16 22:50:58'),
(534, 1212, 10.8, 0.12, 0, 1, 1, 1, '0', '192.168.55.249 ', '2015-11-16', '17:49:48', '2015-11-16 22:49:48'),
(533, 1212, 10.8, 0.12, 0, 1, 1, 1, '0', '192.168.55.249 ', '2015-11-16', '17:49:38', '2015-11-16 22:49:38'),
(532, 1212, 10.8, 0.12, 1, 0, 1, 1, '0', '192.168.55.249 ', '2015-11-16', '17:43:28', '2015-11-16 22:43:28'),
(531, 1212, 10.8, 0.12, 1, 0, 1, 1, '0', '192.168.55.249 ', '2015-11-16', '17:40:49', '2015-11-16 22:40:49'),
(530, 1212, 10.8, 0.12, 1, 0, 1, 1, '0', '192.168.55.249 ', '2015-11-16', '17:40:25', '2015-11-16 22:40:25'),
(529, 1212, 12.3, 0.08, 1, 0, 1, 1, '0', '192.168.55.249 ', '2015-11-16', '17:26:23', '2015-11-16 22:26:23'),
(582, 1212, 12.3, 0.12, 0, 1, 1, 1, '0', '192.168.55.249 ', '2015-11-17', '07:19:53', '2015-11-17 12:19:53'),
(583, 1212, 12.3, 0.12, 0, 1, 1, 1, '0', '192.168.55.249 ', '2015-11-17', '07:34:43', '2015-11-17 12:34:43'),
(581, 1212, 12.3, 0.12, 0, 1, 1, 1, '0', '192.168.55.249 ', '2015-11-17', '07:19:43', '2015-11-17 12:19:43'),
(580, 1212, 12.3, 0.08, 0, 1, 1, 1, '0', '192.168.55.249 ', '2015-11-17', '07:04:44', '2015-11-17 12:04:44'),
(579, 1212, 12.3, 0.08, 0, 1, 1, 1, '0', '192.168.55.249 ', '2015-11-17', '06:49:44', '2015-11-17 11:49:44'),
(578, 1212, 12.3, 0.12, 0, 1, 1, 1, '0', '192.168.55.249 ', '2015-11-17', '06:34:44', '2015-11-17 11:34:44'),
(522, 1212, 12.9, 9.52, 1, 0, 1, 1, '0', '192.168.55.249 ', '2015-11-15', '17:08:03', '2015-11-15 22:08:03'),
(521, 1212, 12.9, 9.57, 1, 0, 1, 1, '0', '192.168.55.249 ', '2015-11-15', '16:53:13', '2015-11-15 21:53:13'),
(520, 1212, 12.9, 9.52, 1, 0, 1, 1, '0', '192.168.55.249 ', '2015-11-15', '16:53:03', '2015-11-15 21:53:03'),
(519, 1212, 12.9, 9.52, 1, 0, 1, 1, '0', '192.168.55.249 ', '2015-11-15', '16:38:04', '2015-11-15 21:38:04'),
(518, 1212, 12.9, 9.52, 1, 0, 1, 1, '0', '192.168.55.249 ', '2015-11-15', '16:23:04', '2015-11-15 21:23:04'),
(517, 1212, 12.9, 9.52, 1, 0, 1, 1, '0', '192.168.55.249 ', '2015-11-15', '16:08:04', '2015-11-15 21:08:04'),
(516, 1212, 12.9, 9.52, 1, 0, 1, 1, '0', '192.168.55.249 ', '2015-11-15', '15:53:14', '2015-11-15 20:53:14'),
(515, 1212, 12.9, 9.52, 1, 0, 1, 1, '0', '192.168.55.249 ', '2015-11-15', '15:53:04', '2015-11-15 20:53:04'),
(514, 1212, 12.9, 9.52, 1, 0, 1, 1, '0', '192.168.55.249 ', '2015-11-15', '15:38:06', '2015-11-15 20:38:06'),
(513, 1212, 12.9, 9.52, 1, 0, 1, 1, '0', '192.168.55.249 ', '2015-11-15', '15:23:05', '2015-11-15 20:23:05'),
(512, 1212, 12.9, 9.52, 1, 0, 1, 1, '0', '192.168.55.249 ', '2015-11-15', '15:08:05', '2015-11-15 20:08:05'),
(511, 1212, 12.9, 9.52, 1, 0, 1, 1, '0', '192.168.55.249 ', '2015-11-15', '14:53:06', '2015-11-15 19:53:06'),
(510, 1212, 12.9, 9.52, 1, 0, 1, 1, '0', '192.168.55.249 ', '2015-11-15', '14:38:06', '2015-11-15 19:38:06'),
(509, 1212, 12.9, 9.52, 1, 0, 1, 1, '0', '192.168.55.249 ', '2015-11-15', '14:23:16', '2015-11-15 19:23:16'),
(508, 1212, 12.9, 9.52, 1, 0, 1, 1, '0', '192.168.55.249 ', '2015-11-15', '14:23:06', '2015-11-15 19:23:06'),
(507, 1212, 12.9, 9.52, 1, 0, 1, 1, '0', '192.168.55.249 ', '2015-11-15', '14:08:06', '2015-11-15 19:08:06'),
(506, 1212, 12.9, 9.52, 1, 0, 1, 1, '0', '192.168.55.249 ', '2015-11-15', '13:53:07', '2015-11-15 18:53:07'),
(505, 1212, 12.9, 9.52, 1, 0, 1, 1, '0', '192.168.55.249 ', '2015-11-15', '13:38:07', '2015-11-15 18:38:07'),
(504, 1212, 12.9, 9.52, 1, 0, 1, 1, '0', '192.168.55.249 ', '2015-11-15', '13:23:07', '2015-11-15 18:23:07'),
(503, 1212, 12.9, 9.52, 1, 0, 1, 1, '0', '192.168.55.249 ', '2015-11-15', '13:08:07', '2015-11-15 18:08:07'),
(502, 1212, 12.9, 9.52, 1, 0, 1, 1, '0', '192.168.55.249 ', '2015-11-15', '12:38:08', '2015-11-15 17:38:08'),
(501, 1212, 12.9, 9.48, 1, 0, 1, 1, '0', '192.168.55.249 ', '2015-11-15', '12:37:56', '2015-11-15 17:37:56'),
(500, 1212, 12.9, 9.52, 1, 0, 1, 1, '0', '192.168.55.249 ', '2015-11-15', '12:22:56', '2015-11-15 17:22:56'),
(499, 1212, 12.9, 9.52, 1, 0, 1, 1, '0', '192.168.55.249 ', '2015-11-15', '12:07:56', '2015-11-15 17:07:56'),
(498, 1212, 12.9, 9.52, 1, 0, 1, 1, '0', '192.168.55.249 ', '2015-11-15', '11:52:56', '2015-11-15 16:52:56'),
(497, 1212, 12.9, 9.52, 1, 0, 1, 1, '0', '192.168.55.249 ', '2015-11-15', '11:37:57', '2015-11-15 16:37:57'),
(496, 1212, 12.9, 9.52, 1, 0, 1, 1, '0', '192.168.55.249 ', '2015-11-15', '11:22:57', '2015-11-15 16:22:57'),
(495, 1212, 12.9, 9.52, 1, 0, 1, 1, '0', '192.168.55.249 ', '2015-11-15', '11:07:57', '2015-11-15 16:07:57'),
(494, 1212, 12.9, 9.52, 1, 0, 1, 1, '0', '192.168.55.249 ', '2015-11-15', '10:52:57', '2015-11-15 15:52:57'),
(493, 1212, 12.9, 9.52, 1, 0, 1, 1, '0', '192.168.55.249 ', '2015-11-15', '10:37:58', '2015-11-15 15:37:58'),
(492, 1212, 12.9, 9.52, 1, 0, 1, 1, '0', '192.168.55.249 ', '2015-11-15', '10:22:58', '2015-11-15 15:22:58'),
(491, 1212, 12.9, 9.52, 1, 0, 1, 1, '0', '192.168.55.249 ', '2015-11-15', '09:22:59', '2015-11-15 14:22:59'),
(490, 1212, 12.9, 9.52, 1, 0, 1, 1, '0', '192.168.55.249 ', '2015-11-15', '09:08:00', '2015-11-15 14:08:00'),
(489, 1212, 12.9, 9.52, 1, 0, 1, 1, '0', '192.168.55.249 ', '2015-11-15', '08:53:00', '2015-11-15 13:53:00'),
(488, 1212, 12.9, 9.52, 1, 0, 1, 1, '0', '192.168.55.249 ', '2015-11-15', '08:38:00', '2015-11-15 13:38:00'),
(487, 1212, 12.9, 9.52, 1, 0, 1, 1, '0', '192.168.55.249 ', '2015-11-15', '08:23:00', '2015-11-15 13:23:00'),
(486, 1212, 12.9, 9.52, 1, 0, 1, 1, '0', '192.168.55.249 ', '2015-11-15', '08:08:01', '2015-11-15 13:08:01'),
(485, 1212, 12.9, 9.52, 1, 0, 1, 1, '0', '192.168.55.249 ', '2015-11-15', '07:53:01', '2015-11-15 12:53:01'),
(594, 1212, 12.4, 0.08, 0, 1, 1, 1, '0', '192.168.55.249 ', '2015-11-17', '12:34:45', '2015-11-17 17:34:45'),
(595, 1212, 12.3, 0.12, 0, 1, 1, 1, '0', '192.168.55.249 ', '2015-11-17', '12:49:44', '2015-11-17 17:49:44'),
(596, 1212, 12.4, 0.08, 0, 1, 1, 1, '0', '192.168.55.249 ', '2015-11-17', '13:04:44', '2015-11-17 18:04:44'),
(597, 1212, 12.3, 0.08, 0, 1, 1, 1, '0', '192.168.55.249 ', '2015-11-17', '13:19:44', '2015-11-17 18:19:44'),
(598, 1212, 12.3, 0.08, 0, 1, 1, 1, '0', '192.168.55.249 ', '2015-11-17', '13:34:44', '2015-11-17 18:34:44'),
(599, 1212, 12.3, 0.08, 0, 1, 1, 1, '0', '192.168.55.249 ', '2015-11-17', '13:49:43', '2015-11-17 18:49:43'),
(600, 1212, 12.3, 0.08, 0, 1, 1, 1, '0', '192.168.55.249 ', '2015-11-17', '14:04:44', '2015-11-17 19:04:44'),
(601, 1212, 12.4, 0.08, 0, 1, 1, 1, '0', '192.168.55.249 ', '2015-11-17', '14:19:43', '2015-11-17 19:19:43'),
(602, 1212, 12.4, 0.12, 0, 1, 1, 1, '0', '192.168.55.249 ', '2015-11-17', '14:34:43', '2015-11-17 19:34:43'),
(603, 1212, 12.3, 0.12, 0, 1, 1, 1, '0', '192.168.55.249 ', '2015-11-17', '14:49:43', '2015-11-17 19:49:43'),
(604, 1212, 12.3, 0.08, 0, 1, 1, 1, '0', '192.168.55.249 ', '2015-11-17', '15:04:42', '2015-11-17 20:04:42'),
(605, 1212, 12.4, 0.08, 0, 1, 1, 1, '0', '192.168.55.249 ', '2015-11-17', '15:19:42', '2015-11-17 20:19:42'),
(606, 1212, 12.4, 0.12, 0, 1, 1, 1, '0', '192.168.55.249 ', '2015-11-17', '15:49:42', '2015-11-17 20:49:42'),
(607, 1212, 12.4, 0.08, 0, 1, 1, 1, '0', '192.168.55.249 ', '2015-11-17', '16:19:41', '2015-11-17 21:19:41'),
(608, 1212, 12.3, 0.08, 0, 1, 1, 1, '0', '192.168.55.249 ', '2015-11-17', '16:49:41', '2015-11-17 21:49:41'),
(609, 1212, 12.4, 0.12, 0, 1, 1, 1, '0', '192.168.55.249 ', '2015-11-17', '17:04:41', '2015-11-17 22:04:41'),
(610, 1212, 12.3, 0.12, 0, 1, 1, 1, '0', '192.168.55.249 ', '2015-11-17', '17:19:40', '2015-11-17 22:19:40'),
(611, 1212, 12.4, 0.12, 0, 1, 1, 1, '0', '192.168.55.249 ', '2015-11-17', '17:34:40', '2015-11-17 22:34:40'),
(612, 1212, 12.4, 0.12, 0, 1, 1, 1, '0', '192.168.55.249 ', '2015-11-17', '17:49:40', '2015-11-17 22:49:40'),
(613, 1212, 12.4, 0.08, 0, 1, 1, 1, '0', '192.168.55.249 ', '2015-11-17', '18:04:39', '2015-11-17 23:04:39'),
(614, 1212, 12.4, 0.08, 0, 1, 1, 1, '0', '192.168.55.249 ', '2015-11-17', '18:19:39', '2015-11-17 23:19:39'),
(615, 1212, 12.3, 0.12, 0, 1, 1, 1, '0', '192.168.55.249 ', '2015-11-17', '18:49:39', '2015-11-17 23:49:39'),
(616, 1212, 12.3, 0.08, 0, 1, 1, 1, '0', '192.168.55.249 ', '2015-11-17', '19:04:39', '2015-11-18 00:04:39'),
(617, 1212, 12.4, 0.08, 0, 1, 1, 1, '0', '192.168.55.249 ', '2015-11-17', '19:19:38', '2015-11-18 00:19:38'),
(618, 1212, 12.4, 0.12, 0, 1, 1, 1, '0', '192.168.55.249 ', '2015-11-17', '19:34:38', '2015-11-18 00:34:38'),
(619, 1212, 12.3, 0.12, 0, 1, 1, 1, '0', '192.168.55.249 ', '2015-11-17', '19:35:08', '2015-11-18 00:35:08'),
(620, 1212, 12.3, 0.08, 0, 1, 1, 1, '0', '192.168.55.249 ', '2015-11-17', '19:49:58', '2015-11-18 00:49:58'),
(621, 1212, 12.3, 0.08, 0, 1, 1, 1, '0', '192.168.55.249 ', '2015-11-17', '20:04:58', '2015-11-18 01:04:58'),
(622, 1212, 12.4, 0.12, 0, 1, 1, 1, '0', '192.168.55.249 ', '2015-11-17', '20:19:57', '2015-11-18 01:19:57'),
(623, 1212, 12.3, 0.08, 0, 1, 1, 1, '0', '192.168.55.249 ', '2015-11-17', '20:34:57', '2015-11-18 01:34:57'),
(624, 1212, 12.3, 0.12, 0, 1, 1, 1, '0', '192.168.55.249 ', '2015-11-17', '20:49:57', '2015-11-18 01:49:57'),
(625, 1212, 12.3, 0.08, 0, 1, 1, 1, '0', '192.168.55.249 ', '2015-11-17', '21:04:57', '2015-11-18 02:04:57'),
(626, 1212, 12.4, 0.12, 0, 1, 1, 1, '0', '192.168.55.249 ', '2015-11-17', '21:19:56', '2015-11-18 02:19:56'),
(627, 1212, 12.4, 0.12, 0, 1, 1, 1, '0', '192.168.55.249 ', '2015-11-17', '21:34:56', '2015-11-18 02:34:56'),
(628, 1212, 12.3, 0.12, 0, 1, 1, 1, '0', '192.168.55.249 ', '2015-11-17', '21:49:56', '2015-11-18 02:49:56'),
(629, 1212, 12.3, 0.08, 0, 1, 1, 1, '0', '192.168.55.249 ', '2015-11-17', '22:19:55', '2015-11-18 03:19:55'),
(630, 1212, 12.3, 0.12, 0, 1, 1, 1, '0', '192.168.55.249 ', '2015-11-17', '22:34:55', '2015-11-18 03:34:55'),
(631, 1212, 12.3, 0.08, 0, 1, 1, 1, '0', '192.168.55.249 ', '2015-11-17', '22:49:55', '2015-11-18 03:49:55'),
(632, 1212, 12.3, 0.12, 0, 1, 1, 1, '0', '192.168.55.249 ', '2015-11-17', '23:04:55', '2015-11-18 04:04:55'),
(633, 1212, 12.3, 0.12, 0, 1, 1, 1, '0', '192.168.55.249 ', '2015-11-17', '23:05:05', '2015-11-18 04:05:05'),
(634, 1212, 12.3, 0.12, 0, 1, 1, 1, '0', '192.168.55.249 ', '2015-11-17', '23:19:54', '2015-11-18 04:19:54'),
(635, 1212, 12.3, 0.12, 0, 1, 1, 1, '0', '192.168.55.249 ', '2015-11-17', '23:34:54', '2015-11-18 04:34:54'),
(636, 1212, 12.3, 0.08, 0, 1, 1, 1, '0', '192.168.55.249 ', '2015-11-17', '23:49:54', '2015-11-18 04:49:54'),
(637, 1212, 12.3, 0.08, 0, 1, 1, 1, '0', '192.168.55.249 ', '2015-11-18', '00:04:54', '2015-11-18 05:04:54'),
(638, 1212, 12.3, 0.08, 0, 1, 1, 1, '0', '192.168.55.249 ', '2015-11-18', '00:19:53', '2015-11-18 05:19:53'),
(639, 1212, 12.3, 0.12, 0, 1, 1, 1, '0', '192.168.55.249 ', '2015-11-18', '00:34:53', '2015-11-18 05:34:53'),
(640, 1212, 12.3, 0.08, 0, 1, 1, 1, '0', '192.168.55.249 ', '2015-11-18', '00:49:53', '2015-11-18 05:49:53'),
(641, 1212, 12.4, 0.12, 0, 1, 1, 1, '0', '192.168.55.249 ', '2015-11-18', '01:04:53', '2015-11-18 06:04:53'),
(642, 1212, 12.4, 0.08, 0, 1, 1, 1, '0', '192.168.55.249 ', '2015-11-18', '01:19:52', '2015-11-18 06:19:52'),
(643, 1212, 12.3, 0.08, 0, 1, 1, 1, '0', '192.168.55.249 ', '2015-11-18', '01:34:52', '2015-11-18 06:34:52'),
(644, 1212, 12.4, 0.12, 0, 1, 1, 1, '0', '192.168.55.249 ', '2015-11-18', '01:49:52', '2015-11-18 06:49:52'),
(645, 1212, 12.4, 0.12, 0, 1, 1, 1, '0', '192.168.55.249 ', '2015-11-18', '02:04:52', '2015-11-18 07:04:52'),
(646, 1212, 12.3, 0.08, 0, 1, 1, 1, '0', '192.168.55.249 ', '2015-11-18', '02:19:51', '2015-11-18 07:19:51'),
(454, 1212, 13, 9.52, 1, 0, 1, 1, '0', '192.168.55.249 ', '2015-11-15', '00:38:09', '2015-11-15 05:38:09'),
(455, 1212, 12.9, 9.52, 1, 0, 1, 1, '0', '192.168.55.249 ', '2015-11-15', '00:53:09', '2015-11-15 05:53:09'),
(456, 1212, 12.9, 9.52, 1, 0, 1, 1, '0', '192.168.55.249 ', '2015-11-15', '01:08:08', '2015-11-15 06:08:08'),
(457, 1212, 12.9, 9.52, 1, 0, 1, 1, '0', '192.168.55.249 ', '2015-11-15', '01:23:08', '2015-11-15 06:23:08'),
(458, 1212, 12.9, 9.52, 1, 0, 1, 1, '0', '192.168.55.249 ', '2015-11-15', '01:38:08', '2015-11-15 06:38:08'),
(459, 1212, 12.9, 9.52, 1, 0, 1, 1, '0', '192.168.55.249 ', '2015-11-15', '01:53:08', '2015-11-15 06:53:08'),
(460, 1212, 12.9, 9.48, 1, 0, 1, 1, '0', '192.168.55.249 ', '2015-11-15', '01:53:17', '2015-11-15 06:53:17'),
(647, 1212, 12.3, 0.12, 0, 1, 1, 1, '0', '192.168.55.249 ', '2015-11-18', '02:34:51', '2015-11-18 07:34:51'),
(593, 1212, 12.4, 0.08, 0, 1, 1, 1, '0', '192.168.55.249 ', '2015-11-17', '12:19:45', '2015-11-17 17:19:45'),
(584, 1212, 12.3, 0.08, 0, 1, 1, 1, '0', '192.168.55.249 ', '2015-11-17', '07:34:48', '2015-11-17 12:34:48'),
(585, 1212, 12.3, 0.08, 0, 1, 1, 1, '0', '192.168.55.249 ', '2015-11-17', '07:49:48', '2015-11-17 12:49:48'),
(586, 1212, 12.3, 0.12, 0, 1, 1, 1, '0', '192.168.55.249 ', '2015-11-17', '08:04:48', '2015-11-17 13:04:48'),
(587, 1212, 12.4, 0.08, 0, 1, 1, 1, '0', '192.168.55.249 ', '2015-11-17', '10:34:45', '2015-11-17 15:34:45'),
(588, 1212, 12.3, 0.08, 0, 1, 1, 1, '0', '192.168.55.249 ', '2015-11-17', '11:04:46', '2015-11-17 16:04:46'),
(589, 1212, 12.3, 0.08, 0, 1, 1, 1, '0', '192.168.55.249 ', '2015-11-17', '11:19:46', '2015-11-17 16:19:46'),
(590, 1212, 12.3, 0.08, 0, 1, 1, 1, '0', '192.168.55.249 ', '2015-11-17', '11:34:45', '2015-11-17 16:34:45'),
(591, 1212, 12.3, 0.08, 0, 1, 1, 1, '0', '192.168.55.249 ', '2015-11-17', '11:49:45', '2015-11-17 16:49:45'),
(592, 1212, 12.4, 0.08, 0, 1, 1, 1, '0', '192.168.55.249 ', '2015-11-17', '12:04:45', '2015-11-17 17:04:45'),
(673, 1212, 12.7, 0.08, 0, 1, 1, 1, '0', '192.168.55.250 ', '2015-11-25', '06:47:44', '2015-11-25 11:47:44'),
(674, 1212, 12.7, 0.08, 0, 1, 1, 1, '0', '192.168.55.250 ', '2015-11-25', '07:02:44', '2015-11-25 12:02:44'),
(675, 1212, 12.8, 0.08, 0, 1, 1, 1, '0', '192.168.55.250 ', '2015-11-25', '07:17:43', '2015-11-25 12:17:43'),
(676, 1212, 12.8, 0.12, 0, 1, 1, 1, '0', '192.168.55.250 ', '2015-11-25', '07:32:43', '2015-11-25 12:32:43'),
(677, 1212, 12.9, 0.12, 0, 1, 1, 1, '0', '192.168.55.250 ', '2015-11-25', '07:47:43', '2015-11-25 12:47:43'),
(678, 1212, 12.9, 0.08, 0, 1, 1, 1, '0', '192.168.55.250 ', '2015-11-25', '08:02:43', '2015-11-25 13:02:43'),
(679, 1212, 13, 0.08, 0, 1, 1, 1, '0', '192.168.55.250 ', '2015-11-25', '08:17:43', '2015-11-25 13:17:43'),
(680, 1212, 13, 0.12, 0, 1, 1, 1, '0', '192.168.55.250 ', '2015-11-25', '08:32:42', '2015-11-25 13:32:42'),
(681, 1212, 13.1, 0.12, 0, 1, 1, 1, '0', '192.168.55.250 ', '2015-11-25', '08:47:42', '2015-11-25 13:47:42'),
(682, 1212, 13.1, 0.12, 0, 1, 1, 1, '0', '192.168.55.250 ', '2015-11-25', '09:02:42', '2015-11-25 14:02:42'),
(683, 1212, 13.2, 0.12, 0, 1, 1, 1, '0', '192.168.55.250 ', '2015-11-25', '09:17:42', '2015-11-25 14:17:42'),
(684, 1212, 13.3, 0.12, 0, 1, 1, 1, '0', '192.168.55.250 ', '2015-11-25', '09:32:42', '2015-11-25 14:32:42'),
(685, 1212, 13.3, 0.08, 0, 1, 1, 1, '0', '192.168.55.250 ', '2015-11-25', '09:47:41', '2015-11-25 14:47:41'),
(686, 1212, 13.4, 0.08, 0, 1, 1, 1, '0', '192.168.55.250 ', '2015-11-25', '10:17:41', '2015-11-25 15:17:41'),
(687, 1212, 13.5, 0.12, 0, 1, 1, 1, '0', '192.168.55.250 ', '2015-11-25', '10:32:41', '2015-11-25 15:32:41'),
(688, 1212, 13.4, 0.12, 0, 1, 1, 1, '0', '192.168.55.250 ', '2015-11-25', '10:47:40', '2015-11-25 15:47:40'),
(689, 1212, 13.6, 0.12, 0, 1, 1, 1, '0', '192.168.55.250 ', '2015-11-25', '11:02:40', '2015-11-25 16:02:40'),
(690, 1212, 13.3, 0.08, 0, 1, 1, 1, '0', '192.168.55.250 ', '2015-11-25', '11:17:40', '2015-11-25 16:17:40'),
(691, 1212, 13.7, 0.08, 0, 1, 1, 1, '0', '192.168.55.250 ', '2015-11-25', '11:32:40', '2015-11-25 16:32:40'),
(692, 1212, 13.7, 0.08, 0, 1, 1, 1, '0', '192.168.55.250 ', '2015-11-25', '11:47:39', '2015-11-25 16:47:39'),
(693, 1212, 13.8, 0.12, 0, 1, 1, 1, '0', '192.168.55.250 ', '2015-11-25', '12:02:39', '2015-11-25 17:02:39'),
(694, 1212, 13.8, 0.08, 0, 1, 1, 1, '0', '192.168.55.250 ', '2015-11-25', '12:17:39', '2015-11-25 17:17:39'),
(695, 1212, 13.4, 0.12, 0, 1, 1, 1, '0', '192.168.55.250 ', '2015-11-25', '12:32:39', '2015-11-25 17:32:39'),
(696, 1212, 13.9, 0.12, 0, 1, 1, 1, '0', '192.168.55.250 ', '2015-11-25', '12:47:38', '2015-11-25 17:47:38'),
(697, 1212, 13.2, 0.08, 0, 1, 1, 1, '0', '192.168.55.250 ', '2015-11-25', '13:02:38', '2015-11-25 18:02:38'),
(698, 1212, 13.9, 0.08, 0, 1, 1, 1, '0', '192.168.55.250 ', '2015-11-25', '13:17:38', '2015-11-25 18:17:38'),
(699, 1212, 13.9, 0.08, 0, 1, 1, 1, '0', '192.168.55.250 ', '2015-11-25', '13:32:38', '2015-11-25 18:32:38'),
(700, 1212, 13.4, 0.08, 0, 1, 1, 1, '0', '192.168.55.250 ', '2015-11-25', '13:47:38', '2015-11-25 18:47:38'),
(701, 1212, 14, 0.08, 0, 1, 1, 1, '0', '192.168.55.250 ', '2015-11-25', '14:02:37', '2015-11-25 19:02:37'),
(702, 1212, 14.1, 0.08, 0, 1, 1, 1, '0', '192.168.55.250 ', '2015-11-25', '14:17:37', '2015-11-25 19:17:37'),
(703, 1212, 14.1, 0.08, 0, 1, 1, 1, '0', '192.168.55.250 ', '2015-11-25', '14:32:37', '2015-11-25 19:32:37'),
(704, 1212, 13.4, 0.08, 0, 1, 1, 1, '0', '192.168.55.250 ', '2015-11-25', '14:47:37', '2015-11-25 19:47:37'),
(705, 1212, 13.8, 0.08, 0, 1, 1, 1, '0', '192.168.55.250 ', '2015-11-25', '15:02:36', '2015-11-25 20:02:36'),
(706, 1212, 13.4, 0.08, 0, 1, 1, 1, '0', '192.168.55.250 ', '2015-11-25', '15:17:36', '2015-11-25 20:17:36'),
(707, 1212, 13.4, 0.08, 0, 1, 1, 1, '0', '192.168.55.250 ', '2015-11-25', '15:31:57', '2015-11-25 20:31:57'),
(708, 1212, 13.4, 0.08, 0, 1, 1, 1, '0', '192.168.55.250 ', '2015-11-25', '15:46:57', '2015-11-25 20:46:57'),
(709, 1212, 13.3, 0.08, 0, 1, 1, 1, '0', '192.168.55.250 ', '2015-11-25', '16:01:57', '2015-11-25 21:01:57'),
(710, 1212, 13.2, 0.08, 0, 1, 1, 1, '0', '192.168.55.250 ', '2015-11-25', '16:16:57', '2015-11-25 21:16:57'),
(711, 1212, 13.2, 0.08, 0, 1, 1, 1, '0', '192.168.55.250 ', '2015-11-25', '16:31:57', '2015-11-25 21:31:57'),
(712, 1212, 13.1, 0.08, 0, 1, 1, 1, '0', '192.168.55.250 ', '2015-11-25', '16:46:56', '2015-11-25 21:46:56'),
(713, 1212, 13.1, 0.12, 0, 1, 1, 1, '0', '192.168.55.250 ', '2015-11-25', '17:01:56', '2015-11-25 22:01:56'),
(714, 1212, 13.1, 0.08, 0, 1, 1, 1, '0', '192.168.55.250 ', '2015-11-25', '17:16:56', '2015-11-25 22:16:56'),
(715, 1212, 13, 0.08, 0, 1, 1, 1, '0', '192.168.55.250 ', '2015-11-25', '17:31:56', '2015-11-25 22:31:56'),
(716, 1212, 13, 0.08, 0, 1, 1, 1, '0', '192.168.55.250 ', '2015-11-25', '17:46:55', '2015-11-25 22:46:55'),
(717, 1212, 13, 0.08, 0, 1, 1, 1, '0', '192.168.55.250 ', '2015-11-25', '18:01:55', '2015-11-25 23:01:55'),
(718, 1212, 13, 0.08, 0, 1, 1, 1, '0', '192.168.55.250 ', '2015-11-25', '18:16:55', '2015-11-25 23:16:55'),
(719, 1212, 13, 0.08, 0, 1, 1, 1, '0', '192.168.55.250 ', '2015-11-25', '18:31:54', '2015-11-25 23:31:54'),
(720, 1212, 13, 0.08, 0, 1, 1, 1, '0', '192.168.55.250 ', '2015-11-25', '18:46:54', '2015-11-25 23:46:54'),
(721, 1212, 13, 0.08, 0, 1, 1, 1, '0', '192.168.55.250 ', '2015-11-25', '19:01:54', '2015-11-26 00:01:54'),
(722, 1212, 13, 0.08, 0, 1, 1, 1, '0', '192.168.55.250 ', '2015-11-25', '19:16:54', '2015-11-26 00:16:54'),
(723, 1212, 13, 0.08, 0, 1, 1, 1, '0', '192.168.55.250 ', '2015-11-25', '19:31:53', '2015-11-26 00:31:53'),
(724, 1212, 13, 0.08, 0, 1, 1, 1, '0', '192.168.55.250 ', '2015-11-25', '19:46:53', '2015-11-26 00:46:53'),
(725, 1212, 13, 0.08, 0, 1, 1, 1, '0', '192.168.55.250 ', '2015-11-25', '20:01:53', '2015-11-26 01:01:53'),
(726, 1212, 12.9, 0.08, 0, 1, 1, 1, '0', '192.168.55.250 ', '2015-11-25', '20:16:53', '2015-11-26 01:16:53'),
(727, 1212, 12.9, 0.08, 0, 1, 1, 1, '0', '192.168.55.250 ', '2015-11-25', '20:31:52', '2015-11-26 01:31:52'),
(728, 1212, 12.9, 0.08, 0, 1, 1, 1, '0', '192.168.55.250 ', '2015-11-25', '20:46:52', '2015-11-26 01:46:52'),
(729, 1212, 12.9, 0.08, 0, 1, 1, 1, '0', '192.168.55.250 ', '2015-11-25', '21:01:52', '2015-11-26 02:01:52'),
(730, 1212, 12.9, 0.08, 0, 1, 1, 1, '0', '192.168.55.250 ', '2015-11-25', '21:16:52', '2015-11-26 02:16:52'),
(731, 1212, 12.9, 0.08, 0, 1, 1, 1, '0', '192.168.55.250 ', '2015-11-25', '21:31:51', '2015-11-26 02:31:51'),
(732, 1212, 12.9, 0.08, 0, 1, 1, 1, '0', '192.168.55.250 ', '2015-11-25', '21:46:51', '2015-11-26 02:46:51'),
(733, 1212, 12.9, 0.08, 0, 1, 1, 1, '0', '192.168.55.250 ', '2015-11-25', '22:01:51', '2015-11-26 03:01:51'),
(734, 1212, 12.9, 0.08, 0, 1, 1, 1, '0', '192.168.55.250 ', '2015-11-25', '22:16:50', '2015-11-26 03:16:50'),
(735, 1212, 12.9, 0.08, 0, 1, 1, 1, '0', '192.168.55.250 ', '2015-11-25', '22:31:50', '2015-11-26 03:31:50'),
(736, 1212, 12.9, 0.08, 0, 1, 1, 1, '0', '192.168.55.250 ', '2015-11-25', '22:46:50', '2015-11-26 03:46:50'),
(737, 1212, 12.8, 0.08, 0, 1, 1, 1, '0', '192.168.55.250 ', '2015-11-25', '23:01:49', '2015-11-26 04:01:49'),
(738, 1212, 12.8, 0.08, 0, 1, 1, 1, '0', '192.168.55.250 ', '2015-11-25', '23:16:49', '2015-11-26 04:16:49'),
(739, 1212, 12.8, 0.08, 0, 1, 1, 1, '0', '192.168.55.250 ', '2015-11-25', '23:31:49', '2015-11-26 04:31:49'),
(740, 1212, 12.8, 0.08, 0, 1, 1, 1, '0', '192.168.55.250 ', '2015-11-25', '23:46:48', '2015-11-26 04:46:48'),
(741, 1212, 12.8, 0.08, 0, 1, 1, 1, '0', '192.168.55.250 ', '2015-11-26', '00:01:48', '2015-11-26 05:01:48'),
(742, 1212, 12.8, 0.08, 0, 1, 1, 1, '0', '192.168.55.250 ', '2015-11-26', '00:16:48', '2015-11-26 05:16:48'),
(743, 1212, 12.8, 0.08, 0, 1, 1, 1, '0', '192.168.55.250 ', '2015-11-26', '00:31:48', '2015-11-26 05:31:48'),
(744, 1212, 12.8, 0.08, 0, 1, 1, 1, '0', '192.168.55.250 ', '2015-11-26', '00:46:47', '2015-11-26 05:46:47'),
(745, 1212, 12.8, 0.08, 0, 1, 1, 1, '0', '192.168.55.250 ', '2015-11-26', '00:46:57', '2015-11-26 05:46:57'),
(746, 1212, 12.8, 0.08, 0, 1, 1, 1, '0', '192.168.55.250 ', '2015-11-26', '01:01:47', '2015-11-26 06:01:47'),
(747, 1212, 12.8, 0.08, 0, 1, 1, 1, '0', '192.168.55.250 ', '2015-11-26', '01:16:47', '2015-11-26 06:16:47'),
(748, 1212, 12.8, 0.08, 0, 1, 1, 1, '0', '192.168.55.250 ', '2015-11-26', '01:31:46', '2015-11-26 06:31:46'),
(749, 1212, 12.8, 0.08, 0, 1, 1, 1, '0', '192.168.55.250 ', '2015-11-26', '01:46:46', '2015-11-26 06:46:46'),
(750, 1212, 12.8, 0.08, 0, 1, 1, 1, '0', '192.168.55.250 ', '2015-11-26', '02:01:46', '2015-11-26 07:01:46'),
(751, 1212, 12.8, 0.08, 0, 1, 1, 1, '0', '192.168.55.250 ', '2015-11-26', '02:16:46', '2015-11-26 07:16:46'),
(752, 1212, 12.7, 0.08, 0, 1, 1, 1, '0', '192.168.55.250 ', '2015-11-26', '02:31:45', '2015-11-26 07:31:45'),
(753, 1212, 12.7, 0.08, 0, 1, 1, 1, '0', '192.168.55.250 ', '2015-11-26', '02:46:45', '2015-11-26 07:46:45'),
(754, 1212, 12.7, 0.08, 0, 1, 1, 1, '0', '192.168.55.250 ', '2015-11-26', '03:01:45', '2015-11-26 08:01:45'),
(755, 1212, 12.7, 0.08, 0, 1, 1, 1, '0', '192.168.55.250 ', '2015-11-26', '03:16:44', '2015-11-26 08:16:44'),
(756, 1212, 12.7, 0.08, 0, 1, 1, 1, '0', '192.168.55.250 ', '2015-11-26', '03:31:44', '2015-11-26 08:31:44'),
(757, 1212, 12.7, 0.08, 0, 1, 1, 1, '0', '192.168.55.250 ', '2015-11-26', '03:31:58', '2015-11-26 08:31:58'),
(758, 1212, 12.7, 0.08, 0, 1, 1, 1, '0', '192.168.55.250 ', '2015-11-26', '03:46:58', '2015-11-26 08:46:58'),
(759, 1212, 12.7, 0.08, 0, 1, 1, 1, '0', '192.168.55.250 ', '2015-11-26', '04:01:57', '2015-11-26 09:01:57'),
(760, 1212, 12.7, 0.08, 0, 1, 1, 1, '0', '192.168.55.250 ', '2015-11-26', '04:16:57', '2015-11-26 09:16:57'),
(761, 1212, 12.7, 0.08, 0, 1, 1, 1, '0', '192.168.55.250 ', '2015-11-26', '04:31:57', '2015-11-26 09:31:57'),
(762, 1212, 12.7, 0.08, 0, 1, 1, 1, '0', '192.168.55.250 ', '2015-11-26', '04:46:56', '2015-11-26 09:46:56'),
(763, 1212, 12.7, 0.08, 0, 1, 1, 1, '0', '192.168.55.250 ', '2015-11-26', '05:01:56', '2015-11-26 10:01:56'),
(764, 1212, 12.7, 0.08, 0, 1, 1, 1, '0', '192.168.55.250 ', '2015-11-26', '05:17:07', '2015-11-26 10:17:07'),
(765, 1212, 12.7, 0.08, 0, 1, 1, 1, '0', '192.168.55.250 ', '2015-11-26', '05:31:56', '2015-11-26 10:31:56'),
(766, 1212, 12.7, 0.08, 0, 1, 1, 1, '0', '192.168.55.250 ', '2015-11-26', '05:46:55', '2015-11-26 10:46:55'),
(767, 1212, 12.7, 0.08, 0, 1, 1, 1, '0', '192.168.55.250 ', '2015-11-26', '06:01:55', '2015-11-26 11:01:55'),
(768, 1212, 12.7, 0.08, 0, 1, 1, 1, '0', '192.168.55.250 ', '2015-11-26', '06:16:55', '2015-11-26 11:16:55'),
(769, 1212, 12.7, 0.08, 0, 1, 1, 1, '0', '192.168.55.250 ', '2015-11-26', '06:31:54', '2015-11-26 11:31:54'),
(770, 1212, 12.7, 0.08, 0, 1, 1, 1, '0', '192.168.55.250 ', '2015-11-26', '06:46:54', '2015-11-26 11:46:54'),
(771, 1212, 12.7, 0.08, 0, 1, 1, 1, '0', '192.168.55.250 ', '2015-11-26', '07:01:54', '2015-11-26 12:01:54'),
(772, 1212, 12.8, 0.08, 0, 1, 1, 1, '0', '192.168.55.250 ', '2015-11-26', '07:16:54', '2015-11-26 12:16:54'),
(773, 1212, 13, 0.08, 0, 1, 1, 1, '0', '192.168.55.250 ', '2015-11-26', '07:31:53', '2015-11-26 12:31:53'),
(774, 1212, 13.2, 0.08, 0, 1, 1, 1, '0', '192.168.55.250 ', '2015-11-26', '07:46:53', '2015-11-26 12:46:53'),
(775, 1212, 13.1, 0.08, 0, 1, 1, 1, '0', '192.168.55.250 ', '2015-11-26', '08:01:53', '2015-11-26 13:01:53'),
(776, 1212, 13, 0.08, 0, 1, 1, 1, '0', '192.168.55.250 ', '2015-11-26', '08:16:53', '2015-11-26 13:16:53'),
(777, 1212, 13.2, 0.08, 0, 1, 1, 1, '0', '192.168.55.250 ', '2015-11-26', '08:31:52', '2015-11-26 13:31:52'),
(778, 1212, 13.4, 0.08, 0, 1, 1, 1, '0', '192.168.55.250 ', '2015-11-26', '08:46:52', '2015-11-26 13:46:52'),
(779, 1212, 13.4, 0.08, 0, 1, 1, 1, '0', '192.168.55.250 ', '2015-11-26', '09:01:52', '2015-11-26 14:01:52'),
(780, 1212, 13.6, 0.12, 0, 1, 1, 1, '0', '192.168.55.250 ', '2015-11-26', '09:16:52', '2015-11-26 14:16:52'),
(781, 1212, 13.6, 0.12, 0, 1, 1, 1, '0', '192.168.55.250 ', '2015-11-26', '09:31:51', '2015-11-26 14:31:51'),
(782, 1212, 13.5, 0.08, 0, 1, 1, 1, '0', '192.168.55.250 ', '2015-11-26', '09:46:51', '2015-11-26 14:46:51'),
(783, 1212, 13.6, 0.08, 0, 1, 1, 1, '0', '192.168.55.250 ', '2015-11-26', '10:01:51', '2015-11-26 15:01:51'),
(784, 1212, 13.6, 0.08, 0, 1, 1, 1, '0', '192.168.55.250 ', '2015-11-26', '10:16:51', '2015-11-26 15:16:51'),
(785, 1212, 13.6, 0.08, 0, 1, 1, 1, '0', '192.168.55.250 ', '2015-11-26', '10:31:51', '2015-11-26 15:31:51'),
(786, 1212, 13.6, 0.12, 0, 1, 1, 1, '0', '192.168.55.250 ', '2015-11-26', '10:46:50', '2015-11-26 15:46:50'),
(787, 1212, 13.6, 0.12, 0, 1, 1, 1, '0', '192.168.55.250 ', '2015-11-26', '11:01:50', '2015-11-26 16:01:50'),
(788, 1212, 13.7, 0.08, 0, 1, 1, 1, '0', '192.168.55.250 ', '2015-11-26', '11:16:50', '2015-11-26 16:16:50'),
(789, 1212, 13.7, 0.08, 0, 1, 1, 1, '0', '192.168.55.250 ', '2015-11-26', '11:31:50', '2015-11-26 16:31:50'),
(790, 1212, 13.7, 0.08, 0, 1, 1, 1, '0', '192.168.55.250 ', '2015-11-26', '11:46:49', '2015-11-26 16:46:49'),
(791, 1212, 13.6, 0.08, 0, 1, 1, 1, '0', '192.168.55.250 ', '2015-11-26', '12:01:49', '2015-11-26 17:01:49'),
(792, 1212, 13.6, 0.12, 0, 1, 1, 1, '0', '192.168.55.250 ', '2015-11-26', '12:16:49', '2015-11-26 17:16:49'),
(793, 1212, 13.6, 0.08, 0, 1, 1, 1, '0', '192.168.55.250 ', '2015-11-26', '12:31:49', '2015-11-26 17:31:49'),
(794, 1212, 13.7, 0.08, 0, 1, 1, 1, '0', '192.168.55.250 ', '2015-11-26', '12:46:49', '2015-11-26 17:46:49'),
(795, 1212, 13.6, 0.12, 0, 1, 1, 1, '0', '192.168.55.250 ', '2015-11-26', '13:01:48', '2015-11-26 18:01:48'),
(796, 1212, 13.7, 0.08, 0, 1, 1, 1, '0', '192.168.55.250 ', '2015-11-26', '13:16:48', '2015-11-26 18:16:48'),
(797, 1212, 13.7, 0.08, 0, 1, 1, 1, '0', '192.168.55.250 ', '2015-11-26', '13:31:48', '2015-11-26 18:31:48'),
(798, 1212, 13.7, 0.08, 0, 1, 1, 1, '0', '192.168.55.250 ', '2015-11-26', '13:46:47', '2015-11-26 18:46:47'),
(799, 1212, 13.5, 0.08, 0, 1, 1, 1, '0', '192.168.55.250 ', '2015-11-26', '14:01:47', '2015-11-26 19:01:47'),
(800, 1212, 13.4, 0.08, 0, 1, 1, 1, '0', '192.168.55.250 ', '2015-11-26', '14:16:47', '2015-11-26 19:16:47'),
(801, 1212, 13.7, 0.08, 0, 1, 1, 1, '0', '192.168.55.250 ', '2015-11-26', '14:31:47', '2015-11-26 19:31:47'),
(802, 1212, 13.4, 0.08, 0, 1, 1, 1, '0', '192.168.55.250 ', '2015-11-26', '14:46:47', '2015-11-26 19:46:47'),
(803, 1212, 13.7, 0.08, 0, 1, 1, 1, '0', '192.168.55.250 ', '2015-11-26', '15:01:46', '2015-11-26 20:01:46'),
(804, 1212, 13.2, 0.08, 0, 1, 1, 1, '0', '192.168.55.250 ', '2015-11-26', '15:16:46', '2015-11-26 20:16:46'),
(805, 1212, 13.2, 0.08, 0, 1, 1, 1, '0', '192.168.55.250 ', '2015-11-26', '15:31:46', '2015-11-26 20:31:46'),
(806, 1212, 13.2, 0.12, 0, 1, 1, 1, '0', '192.168.55.250 ', '2015-11-26', '15:31:57', '2015-11-26 20:31:57'),
(807, 1212, 13.7, 0.12, 0, 1, 1, 1, '0', '192.168.55.250 ', '2015-11-26', '15:46:56', '2015-11-26 20:46:56'),
(808, 1212, 13.7, 0.08, 0, 1, 1, 1, '0', '192.168.55.250 ', '2015-11-26', '16:01:56', '2015-11-26 21:01:56'),
(809, 1212, 13.7, 0.12, 0, 1, 1, 1, '0', '192.168.55.250 ', '2015-11-26', '16:16:56', '2015-11-26 21:16:56'),
(810, 1212, 13.7, 0.12, 0, 1, 1, 1, '0', '192.168.55.250 ', '2015-11-26', '16:31:56', '2015-11-26 21:31:56'),
(811, 1212, 13.7, 0.12, 0, 1, 1, 1, '0', '192.168.55.250 ', '2015-11-26', '16:46:56', '2015-11-26 21:46:56'),
(812, 1212, 13.1, 0.12, 0, 1, 1, 1, '0', '192.168.55.250 ', '2015-11-26', '17:01:55', '2015-11-26 22:01:55'),
(813, 1212, 13.1, 0.08, 0, 1, 1, 1, '0', '192.168.55.250 ', '2015-11-26', '17:16:55', '2015-11-26 22:16:55'),
(814, 1212, 13, 0.08, 0, 1, 1, 1, '0', '192.168.55.250 ', '2015-11-26', '17:31:55', '2015-11-26 22:31:55'),
(815, 1212, 13, 0.08, 0, 1, 1, 1, '0', '192.168.55.250 ', '2015-11-26', '17:46:54', '2015-11-26 22:46:54'),
(816, 1212, 13, 0.08, 0, 1, 1, 1, '0', '192.168.55.250 ', '2015-11-26', '18:01:54', '2015-11-26 23:01:54'),
(817, 1212, 13, 0.08, 0, 1, 1, 1, '0', '192.168.55.250 ', '2015-11-26', '18:16:54', '2015-11-26 23:16:54'),
(818, 1212, 13, 0.08, 0, 1, 1, 1, '0', '192.168.55.250 ', '2015-11-26', '18:31:54', '2015-11-26 23:31:54'),
(819, 1212, 13, 0.08, 0, 1, 1, 1, '0', '192.168.55.250 ', '2015-11-26', '18:46:53', '2015-11-26 23:46:53'),
(820, 1212, 13, 0.08, 0, 1, 1, 1, '0', '192.168.55.250 ', '2015-11-26', '19:01:53', '2015-11-27 00:01:53'),
(821, 1212, 13, 0.08, 0, 1, 1, 1, '0', '192.168.55.250 ', '2015-11-26', '19:16:53', '2015-11-27 00:16:53'),
(822, 1212, 13, 0.08, 0, 1, 1, 1, '0', '192.168.55.250 ', '2015-11-26', '19:31:53', '2015-11-27 00:31:53'),
(823, 1212, 12.9, 0.08, 0, 1, 1, 1, '0', '192.168.55.250 ', '2015-11-26', '19:46:52', '2015-11-27 00:46:52'),
(824, 1212, 12.9, 0.08, 0, 1, 1, 1, '0', '192.168.55.250 ', '2015-11-26', '20:01:52', '2015-11-27 01:01:52'),
(825, 1212, 12.9, 0.08, 0, 1, 1, 1, '0', '192.168.55.250 ', '2015-11-26', '20:16:52', '2015-11-27 01:16:52'),
(826, 1212, 12.9, 0.08, 0, 1, 1, 1, '0', '192.168.55.250 ', '2015-11-26', '20:31:52', '2015-11-27 01:31:52'),
(827, 1212, 12.9, 0.08, 0, 1, 1, 1, '0', '192.168.55.250 ', '2015-11-26', '20:46:51', '2015-11-27 01:46:51'),
(828, 1212, 12.9, 0.08, 0, 1, 1, 1, '0', '192.168.55.250 ', '2015-11-26', '21:01:51', '2015-11-27 02:01:51'),
(829, 1212, 12.9, 0.08, 0, 1, 1, 1, '0', '192.168.55.250 ', '2015-11-26', '21:16:51', '2015-11-27 02:16:51'),
(830, 1212, 12.9, 0.08, 0, 1, 1, 1, '0', '192.168.55.250 ', '2015-11-26', '21:31:51', '2015-11-27 02:31:51'),
(831, 1212, 12.9, 0.08, 0, 1, 1, 1, '0', '192.168.55.250 ', '2015-11-26', '21:46:50', '2015-11-27 02:46:50'),
(832, 1212, 12.9, 0.08, 0, 1, 1, 1, '0', '192.168.55.250 ', '2015-11-26', '22:01:50', '2015-11-27 03:01:50'),
(833, 1212, 12.8, 0.08, 0, 1, 1, 1, '0', '192.168.55.250 ', '2015-11-26', '22:16:50', '2015-11-27 03:16:50'),
(834, 1212, 12.8, 0.08, 0, 1, 1, 1, '0', '192.168.55.250 ', '2015-11-26', '22:31:49', '2015-11-27 03:31:49'),
(835, 1212, 12.8, 0.08, 0, 1, 1, 1, '0', '192.168.55.250 ', '2015-11-26', '22:46:49', '2015-11-27 03:46:49'),
(836, 1212, 12.8, 0.08, 0, 1, 1, 1, '0', '192.168.55.250 ', '2015-11-26', '23:01:49', '2015-11-27 04:01:49'),
(837, 1212, 12.8, 0.08, 0, 1, 1, 1, '0', '192.168.55.250 ', '2015-11-26', '23:16:48', '2015-11-27 04:16:48'),
(838, 1212, 12.8, 0.08, 0, 1, 1, 1, '0', '192.168.55.250 ', '2015-11-26', '23:31:48', '2015-11-27 04:31:48'),
(839, 1212, 12.8, 0.08, 0, 1, 1, 1, '0', '192.168.55.250 ', '2015-11-26', '23:46:48', '2015-11-27 04:46:48'),
(840, 1212, 12.8, 0.08, 0, 1, 1, 1, '0', '192.168.55.250 ', '2015-11-27', '00:01:47', '2015-11-27 05:01:47'),
(841, 1212, 12.8, 0.08, 0, 1, 1, 1, '0', '192.168.55.250 ', '2015-11-27', '00:16:47', '2015-11-27 05:16:47'),
(842, 1212, 12.8, 0.08, 0, 1, 1, 1, '0', '192.168.55.250 ', '2015-11-27', '00:31:47', '2015-11-27 05:31:47'),
(843, 1212, 12.8, 0.08, 0, 1, 1, 1, '0', '192.168.55.250 ', '2015-11-27', '00:46:46', '2015-11-27 05:46:46'),
(844, 1212, 12.7, 0.08, 0, 1, 1, 1, '0', '192.168.55.250 ', '2015-11-27', '01:01:46', '2015-11-27 06:01:46'),
(845, 1212, 12.7, 0.08, 0, 1, 1, 1, '0', '192.168.55.250 ', '2015-11-27', '01:16:46', '2015-11-27 06:16:46'),
(846, 1212, 12.7, 0.08, 0, 1, 1, 1, '0', '192.168.55.250 ', '2015-11-27', '01:31:46', '2015-11-27 06:31:46'),
(847, 1212, 12.7, 0.08, 0, 1, 1, 1, '0', '192.168.55.250 ', '2015-11-27', '01:46:45', '2015-11-27 06:46:45'),
(848, 1212, 12.7, 0.08, 0, 1, 1, 1, '0', '192.168.55.250 ', '2015-11-27', '02:01:45', '2015-11-27 07:01:45'),
(849, 1212, 12.7, 0.08, 0, 1, 1, 1, '0', '192.168.55.250 ', '2015-11-27', '02:16:45', '2015-11-27 07:16:45'),
(850, 1212, 12.7, 0.08, 0, 1, 1, 1, '0', '192.168.55.250 ', '2015-11-27', '02:31:44', '2015-11-27 07:31:44'),
(851, 1212, 12.7, 0.08, 0, 1, 1, 1, '0', '192.168.55.250 ', '2015-11-27', '02:46:44', '2015-11-27 07:46:44'),
(852, 1212, 12.7, 0.08, 0, 1, 1, 1, '0', '192.168.55.250 ', '2015-11-27', '03:01:44', '2015-11-27 08:01:44'),
(853, 1212, 12.7, 0.08, 0, 1, 1, 1, '0', '192.168.55.250 ', '2015-11-27', '03:16:43', '2015-11-27 08:16:43'),
(854, 1212, 12.7, 0.08, 0, 1, 1, 1, '0', '192.168.55.250 ', '2015-11-27', '03:31:43', '2015-11-27 08:31:43'),
(855, 1212, 12.7, 0.08, 0, 1, 1, 1, '0', '192.168.55.250 ', '2015-11-27', '03:31:53', '2015-11-27 08:31:53'),
(856, 1212, 12.7, 0.08, 0, 1, 1, 1, '0', '192.168.55.250 ', '2015-11-27', '03:46:53', '2015-11-27 08:46:53'),
(857, 1212, 12.7, 0.08, 0, 1, 1, 1, '0', '192.168.55.250 ', '2015-11-27', '04:01:53', '2015-11-27 09:01:53'),
(858, 1212, 12.7, 0.08, 0, 1, 1, 1, '0', '192.168.55.250 ', '2015-11-27', '04:16:52', '2015-11-27 09:16:52'),
(859, 1212, 12.7, 0.08, 0, 1, 1, 1, '0', '192.168.55.250 ', '2015-11-27', '04:31:52', '2015-11-27 09:31:52'),
(860, 1212, 12.7, 0.08, 0, 1, 1, 1, '0', '192.168.55.250 ', '2015-11-27', '04:46:52', '2015-11-27 09:46:52'),
(861, 1212, 12.6, 0.08, 0, 1, 1, 1, '0', '192.168.55.250 ', '2015-11-27', '05:01:52', '2015-11-27 10:01:52'),
(862, 1212, 12.6, 0.08, 0, 1, 1, 1, '0', '192.168.55.250 ', '2015-11-27', '05:16:51', '2015-11-27 10:16:51'),
(863, 1212, 12.6, 0.08, 0, 1, 1, 1, '0', '192.168.55.250 ', '2015-11-27', '05:31:51', '2015-11-27 10:31:51'),
(864, 1212, 12.6, 0.08, 0, 1, 1, 1, '0', '192.168.55.250 ', '2015-11-27', '05:46:51', '2015-11-27 10:46:51'),
(865, 1212, 12.6, 0.08, 0, 1, 1, 1, '0', '192.168.55.250 ', '2015-11-27', '06:01:50', '2015-11-27 11:01:50'),
(866, 1212, 12.6, 0.08, 0, 1, 1, 1, '0', '192.168.55.250 ', '2015-11-27', '06:16:50', '2015-11-27 11:16:50'),
(867, 1212, 12.7, 0.08, 0, 1, 1, 1, '0', '192.168.55.250 ', '2015-11-27', '06:31:50', '2015-11-27 11:31:50'),
(868, 1212, 12.7, 0.08, 0, 1, 1, 1, '0', '192.168.55.250 ', '2015-11-27', '06:46:50', '2015-11-27 11:46:50'),
(869, 1212, 12.7, 0.08, 0, 1, 1, 1, '0', '192.168.55.250 ', '2015-11-27', '07:01:49', '2015-11-27 12:01:49'),
(870, 1212, 12.9, 0.08, 0, 1, 1, 1, '0', '192.168.55.250 ', '2015-11-27', '07:16:49', '2015-11-27 12:16:49'),
(871, 1212, 13, 0.08, 0, 1, 1, 1, '0', '192.168.55.250 ', '2015-11-27', '07:31:49', '2015-11-27 12:31:49'),
(872, 1212, 13.2, 0.08, 0, 1, 1, 1, '0', '192.168.55.250 ', '2015-11-27', '07:46:49', '2015-11-27 12:46:49'),
(873, 1212, 13.1, 0.08, 0, 1, 1, 1, '0', '192.168.55.250 ', '2015-11-27', '08:01:48', '2015-11-27 13:01:48'),
(874, 1212, 13.2, 0.08, 0, 1, 1, 1, '0', '192.168.55.250 ', '2015-11-27', '08:16:48', '2015-11-27 13:16:48'),
(875, 1212, 13.3, 0.08, 0, 1, 1, 1, '0', '192.168.55.250 ', '2015-11-27', '08:31:48', '2015-11-27 13:31:48'),
(876, 1212, 13.3, 0.08, 0, 1, 1, 1, '0', '192.168.55.250 ', '2015-11-27', '08:46:48', '2015-11-27 13:46:48'),
(877, 1212, 13.4, 0.08, 0, 1, 1, 1, '0', '192.168.55.250 ', '2015-11-27', '09:01:47', '2015-11-27 14:01:47'),
(878, 1212, 13.5, 0.08, 0, 1, 1, 1, '0', '192.168.55.250 ', '2015-11-27', '09:16:47', '2015-11-27 14:16:47'),
(879, 1212, 13.4, 0.12, 0, 1, 1, 1, '0', '192.168.55.250 ', '2015-11-27', '09:31:47', '2015-11-27 14:31:47'),
(880, 1212, 13.6, 0.08, 0, 1, 1, 1, '0', '192.168.55.250 ', '2015-11-27', '09:46:47', '2015-11-27 14:46:47'),
(881, 1212, 13.7, 0.08, 0, 1, 1, 1, '0', '192.168.55.250 ', '2015-11-27', '10:01:46', '2015-11-27 15:01:46'),
(882, 1212, 13.6, 0.08, 0, 1, 1, 1, '0', '192.168.55.250 ', '2015-11-27', '10:16:46', '2015-11-27 15:16:46'),
(883, 1212, 13.7, 0.08, 0, 1, 1, 1, '0', '192.168.55.250 ', '2015-11-27', '10:31:46', '2015-11-27 15:31:46'),
(884, 1212, 13.6, 0.12, 0, 1, 1, 1, '0', '192.168.55.250 ', '2015-11-27', '10:46:46', '2015-11-27 15:46:46'),
(885, 1212, 13.6, 0.12, 0, 1, 1, 1, '0', '192.168.55.250 ', '2015-11-27', '11:01:46', '2015-11-27 16:01:46'),
(886, 1212, 13.6, 0.12, 0, 1, 1, 1, '0', '192.168.55.250 ', '2015-11-27', '11:16:45', '2015-11-27 16:16:45'),
(887, 1212, 13.6, 0.08, 0, 1, 1, 1, '0', '192.168.55.250 ', '2015-11-27', '11:31:45', '2015-11-27 16:31:45'),
(888, 1212, 13.7, 0.08, 0, 1, 1, 1, '0', '192.168.55.250 ', '2015-11-27', '11:46:45', '2015-11-27 16:46:45'),
(889, 1212, 13.7, 0.08, 0, 1, 1, 1, '0', '192.168.55.250 ', '2015-11-27', '12:01:45', '2015-11-27 17:01:45'),
(890, 1212, 13.7, 0.12, 0, 1, 1, 1, '0', '192.168.55.250 ', '2015-11-27', '12:16:44', '2015-11-27 17:16:44'),
(891, 1212, 13.7, 0.08, 0, 1, 1, 1, '0', '192.168.55.250 ', '2015-11-27', '12:31:44', '2015-11-27 17:31:44'),
(892, 1212, 13.7, 0.12, 0, 1, 1, 1, '0', '192.168.55.250 ', '2015-11-27', '12:46:44', '2015-11-27 17:46:44'),
(893, 1212, 13.7, 0.08, 0, 1, 1, 1, '0', '192.168.55.250 ', '2015-11-27', '13:01:44', '2015-11-27 18:01:44'),
(894, 1212, 13.7, 0.08, 0, 1, 1, 1, '0', '192.168.55.250 ', '2015-11-27', '13:16:44', '2015-11-27 18:16:44'),
(895, 1212, 13.7, 0.08, 0, 1, 1, 1, '0', '192.168.55.250 ', '2015-11-27', '13:31:43', '2015-11-27 18:31:43'),
(896, 1212, 13.7, 0.08, 0, 1, 1, 1, '0', '192.168.55.250 ', '2015-11-27', '13:46:43', '2015-11-27 18:46:43'),
(897, 1212, 13.7, 0.12, 0, 1, 1, 1, '0', '192.168.55.250 ', '2015-11-27', '14:01:43', '2015-11-27 19:01:43'),
(898, 1212, 13.7, 0.12, 0, 1, 1, 1, '0', '192.168.55.250 ', '2015-11-27', '14:16:43', '2015-11-27 19:16:43'),
(899, 1212, 13.7, 0.12, 0, 1, 1, 1, '0', '192.168.55.250 ', '2015-11-27', '14:31:42', '2015-11-27 19:31:42'),
(900, 1212, 13.4, 0.08, 0, 1, 1, 1, '0', '192.168.55.250 ', '2015-11-27', '14:46:42', '2015-11-27 19:46:42'),
(901, 1212, 13.7, 0.08, 0, 1, 1, 1, '0', '192.168.55.250 ', '2015-11-27', '15:01:42', '2015-11-27 20:01:42'),
(902, 1212, 13.7, 0.08, 0, 1, 1, 1, '0', '192.168.55.250 ', '2015-11-27', '15:16:42', '2015-11-27 20:16:42'),
(903, 1212, 13.7, 0.08, 0, 1, 1, 1, '0', '192.168.55.250 ', '2015-11-27', '15:31:42', '2015-11-27 20:31:42'),
(904, 1212, 13.7, 0.12, 0, 1, 1, 1, '0', '192.168.55.250 ', '2015-11-27', '15:31:51', '2015-11-27 20:31:51'),
(905, 1212, 13.7, 0.12, 0, 1, 1, 1, '0', '192.168.55.250 ', '2015-11-27', '15:46:51', '2015-11-27 20:46:51'),
(906, 1212, 13.7, 0.12, 0, 1, 1, 1, '0', '192.168.55.250 ', '2015-11-27', '16:01:51', '2015-11-27 21:01:51'),
(907, 1212, 13.3, 0.08, 0, 1, 1, 1, '0', '192.168.55.250 ', '2015-11-27', '16:16:51', '2015-11-27 21:16:51'),
(908, 1212, 13.2, 0.08, 0, 1, 1, 1, '0', '192.168.55.250 ', '2015-11-27', '16:31:50', '2015-11-27 21:31:50'),
(909, 1212, 13.1, 0.12, 0, 1, 1, 1, '0', '192.168.55.250 ', '2015-11-27', '16:46:50', '2015-11-27 21:46:50'),
(910, 1212, 13.1, 0.08, 0, 1, 1, 1, '0', '192.168.55.250 ', '2015-11-27', '17:01:50', '2015-11-27 22:01:50'),
(911, 1212, 13.1, 0.08, 0, 1, 1, 1, '0', '192.168.55.250 ', '2015-11-27', '17:16:50', '2015-11-27 22:16:50'),
(912, 1212, 13, 0.08, 0, 1, 1, 1, '0', '192.168.55.250 ', '2015-11-27', '17:31:50', '2015-11-27 22:31:50'),
(913, 1212, 13, 0.08, 0, 1, 1, 1, '0', '192.168.55.250 ', '2015-11-27', '17:46:49', '2015-11-27 22:46:49'),
(914, 1212, 13, 0.08, 0, 1, 1, 1, '0', '192.168.55.250 ', '2015-11-27', '18:01:49', '2015-11-27 23:01:49'),
(915, 1212, 13, 0.08, 0, 1, 1, 1, '0', '192.168.55.250 ', '2015-11-27', '18:16:49', '2015-11-27 23:16:49'),
(916, 1212, 13, 0.08, 0, 1, 1, 1, '0', '192.168.55.250 ', '2015-11-27', '18:31:48', '2015-11-27 23:31:48'),
(917, 1212, 13, 0.08, 0, 1, 1, 1, '0', '192.168.55.250 ', '2015-11-27', '18:46:48', '2015-11-27 23:46:48'),
(918, 1212, 13, 0.08, 0, 1, 1, 1, '0', '192.168.55.250 ', '2015-11-27', '19:01:48', '2015-11-28 00:01:48'),
(919, 1212, 13, 0.08, 0, 1, 1, 1, '0', '192.168.55.250 ', '2015-11-27', '19:16:48', '2015-11-28 00:16:48'),
(920, 1212, 12.9, 0.08, 0, 1, 1, 1, '0', '192.168.55.250 ', '2015-11-27', '19:31:48', '2015-11-28 00:31:48'),
(921, 1212, 12.9, 0.08, 0, 1, 1, 1, '0', '192.168.55.250 ', '2015-11-27', '19:46:47', '2015-11-28 00:46:47');

-- --------------------------------------------------------

--
-- Table structure for table `egresos`
--

CREATE TABLE IF NOT EXISTS `egresos` (
`id-egreso` int(11) NOT NULL,
  `concepto` varchar(100) NOT NULL,
  `id-concepto` int(11) NOT NULL,
  `detalle` varchar(100) NOT NULL,
  `valor` float NOT NULL,
  `fecha` date NOT NULL,
  `hora` varchar(10) NOT NULL,
  `cajero` varchar(100) NOT NULL,
  `tipo` int(11) NOT NULL
) ENGINE=InnoDB AUTO_INCREMENT=14 DEFAULT CHARSET=latin1;

--
-- Dumping data for table `egresos`
--

INSERT INTO `egresos` (`id-egreso`, `concepto`, `id-concepto`, `detalle`, `valor`, `fecha`, `hora`, `cajero`, `tipo`) VALUES
(9, 'Otro.', 16, 'Descontar willian cubillos y ortro recibo', 90000, '2018-01-12', '09:27', 'Omar', 0),
(10, 'Otro.', 16, 'Descuento a Douglas', 5000, '2018-01-17', '09:49', 'Omar', 0),
(11, 'Pago de servicio de  luz.', 1, 'Esneyder', 50000, '2018-01-23', '20:04', 'Omar', 0),
(12, 'Otro.', 16, 'Almuerzo j pablo', 5000, '2018-01-29', '11:58', 'Omar', 0),
(13, 'Otro.', 16, 'PLata de recibo de Cristina', 280000, '2018-01-30', '20:09', 'Omar', 0);

-- --------------------------------------------------------

--
-- Table structure for table `expediente`
--

CREATE TABLE IF NOT EXISTS `expediente` (
`id` int(11) NOT NULL,
  `id_cliente` int(11) NOT NULL,
  `printed_recibo` varchar(20) NOT NULL,
  `fecha` date NOT NULL
) ENGINE=MyISAM AUTO_INCREMENT=232 DEFAULT CHARSET=latin1;

--
-- Dumping data for table `expediente`
--

INSERT INTO `expediente` (`id`, `id_cliente`, `printed_recibo`, `fecha`) VALUES
(1, 143, 'Enero', '2018-01-01'),
(2, 116, 'Enero', '2018-01-01'),
(3, 191, 'Enero', '2018-01-01'),
(4, 178, 'Enero', '2018-01-01'),
(5, 78, 'Enero', '2018-01-01'),
(6, 97, 'Enero', '2018-01-01'),
(7, 192, 'Enero', '2018-01-01'),
(8, 44, 'Enero', '2018-01-01'),
(9, 180, 'Enero', '2018-01-01'),
(10, 90, 'Enero', '2018-01-01'),
(11, 101, 'Enero', '2018-01-01'),
(12, 189, 'Enero', '2018-01-01'),
(13, 21, 'Enero', '2018-01-01'),
(14, 42, 'Enero', '2018-01-01'),
(15, 115, 'Enero', '2018-01-01'),
(16, 176, 'Enero', '2018-01-01'),
(17, 111, 'Enero', '2018-01-01'),
(18, 122, 'Enero', '2018-01-01'),
(19, 127, 'Enero', '2018-01-01'),
(20, 133, 'Enero', '2018-01-01'),
(21, 71, 'Enero', '2018-01-01'),
(22, 71, 'Enero', '2018-01-01'),
(23, 26, 'Enero', '2018-01-01'),
(24, 166, 'Enero', '2018-01-01'),
(25, 63, 'Enero', '2018-01-01'),
(26, 135, 'Enero', '2018-01-01'),
(27, 119, 'Enero', '2018-01-01'),
(28, 38, 'Enero', '2018-01-01'),
(29, 14, 'Enero', '2018-01-01'),
(30, 186, 'Enero', '2018-01-01'),
(31, 17, 'Enero', '2018-01-01'),
(32, 195, 'Enero', '2018-01-01'),
(33, 109, 'Enero', '2018-01-01'),
(34, 170, 'Enero', '2018-01-01'),
(35, 83, 'Enero', '2018-01-01'),
(36, 75, 'Enero', '2018-01-01'),
(37, 170, 'Enero', '2018-01-01'),
(38, 83, 'Enero', '2018-01-01'),
(39, 75, 'Enero', '2018-01-01'),
(40, 179, 'Enero', '2018-01-01'),
(41, 92, 'Enero', '2018-01-01'),
(42, 144, 'Enero', '2018-01-01'),
(43, 30, 'Enero', '2018-01-01'),
(44, 74, 'Enero', '2018-01-01'),
(45, 19, 'Enero', '2018-01-01'),
(46, 120, 'Enero', '2018-01-01'),
(47, 89, 'Enero', '2018-01-01'),
(48, 174, 'Enero', '2018-01-01'),
(49, 85, 'Enero', '2018-01-01'),
(50, 146, 'Enero', '2018-01-01'),
(51, 80, 'Enero', '2018-01-01'),
(52, 132, 'Enero', '2018-01-01'),
(53, 24, 'Enero', '2018-01-01'),
(54, 7, 'Enero', '2018-01-01'),
(55, 28, 'Enero', '2018-01-01'),
(56, 60, 'Enero', '2018-01-01'),
(57, 157, 'Enero', '2018-01-01'),
(58, 129, 'Enero', '2018-01-01'),
(59, 125, 'Enero', '2018-01-01'),
(60, 154, 'Enero', '2018-01-01'),
(61, 81, 'Enero', '2018-01-01'),
(62, 193, 'Enero', '2018-01-01'),
(63, 96, 'Enero', '2018-01-01'),
(64, 79, 'Enero', '2018-01-01'),
(65, 148, 'Enero', '2018-01-01'),
(66, 54, 'Enero', '2018-01-01'),
(67, 117, 'Enero', '2018-01-01'),
(68, 103, 'Enero', '2018-01-01'),
(69, 86, 'Enero', '2018-01-01'),
(70, 196, 'Enero', '2018-01-01'),
(71, 156, 'Enero', '2018-01-01'),
(72, 152, 'Enero', '2018-01-01'),
(73, 50, 'Enero', '2018-01-01'),
(74, 139, 'Enero', '2018-01-01'),
(75, 43, 'Enero', '2018-01-01'),
(76, 194, 'Enero', '2018-01-01'),
(77, 49, 'Enero', '2018-01-01'),
(78, 190, 'Enero', '2018-01-01'),
(79, 55, 'Enero', '2018-01-01'),
(80, 39, 'Enero', '2018-01-01'),
(81, 31, 'Enero', '2018-01-01'),
(82, 61, 'Enero', '2018-01-01'),
(83, 62, 'Enero', '2018-01-01'),
(84, 142, 'Enero', '2018-01-01'),
(85, 201, 'Enero', '2018-01-01'),
(86, 99, 'Enero', '2018-01-01'),
(87, 197, 'Enero', '2018-01-01'),
(88, 6, 'Enero', '2018-01-01'),
(89, 126, 'Enero', '2018-01-01'),
(90, 8, 'Enero', '2018-01-01'),
(91, 145, 'Enero', '2018-01-01'),
(92, 18, 'Enero', '2018-01-01'),
(93, 98, 'Enero', '2018-01-01'),
(94, 5, 'Enero', '2018-01-01'),
(95, 200, 'Enero', '2018-01-01'),
(96, 102, 'Enero', '2018-01-01'),
(97, 12, 'Enero', '2018-01-01'),
(98, 95, 'Enero', '2018-01-01'),
(99, 155, 'Enero', '2018-01-01'),
(100, 20, 'Enero', '2018-01-01'),
(101, 185, 'Enero', '2018-01-01'),
(102, 34, 'Enero', '2018-01-01'),
(103, 36, 'Enero', '2018-01-01'),
(104, 2, 'Enero', '2018-01-01'),
(105, 1, 'Enero', '2018-01-01'),
(106, 3, 'Enero', '2018-01-01'),
(107, 4, 'Enero', '2018-01-01'),
(108, 9, 'Enero', '2018-01-01'),
(109, 9, 'Enero', '2018-01-01'),
(110, 10, 'Enero', '2018-01-01'),
(111, 11, 'Enero', '2018-01-01'),
(112, 13, 'Enero', '2018-01-01'),
(113, 15, 'Enero', '2018-01-01'),
(114, 16, 'Enero', '2018-01-01'),
(115, 22, 'Enero', '2018-01-01'),
(116, 23, 'Enero', '2018-01-01'),
(117, 25, 'Enero', '2018-01-01'),
(118, 27, 'Enero', '2018-01-01'),
(119, 29, 'Enero', '2018-01-01'),
(120, 32, 'Enero', '2018-01-01'),
(121, 33, 'Enero', '2018-01-01'),
(122, 35, 'Enero', '2018-01-01'),
(123, 32, 'Enero', '2018-01-01'),
(124, 33, 'Enero', '2018-01-01'),
(125, 32, 'Enero', '2018-01-01'),
(126, 33, 'Enero', '2018-01-01'),
(127, 35, 'Enero', '2018-01-01'),
(128, 37, 'Enero', '2018-01-01'),
(129, 40, 'Enero', '2018-01-01'),
(130, 41, 'Enero', '2018-01-01'),
(131, 46, 'Enero', '2018-01-01'),
(132, 47, 'Enero', '2018-01-01'),
(133, 48, 'Enero', '2018-01-01'),
(134, 51, 'Enero', '2018-01-01'),
(135, 52, 'Enero', '2018-01-01'),
(136, 53, 'Enero', '2018-01-01'),
(137, 56, 'Enero', '2018-01-01'),
(138, 57, 'Enero', '2018-01-01'),
(139, 58, 'Enero', '2018-01-01'),
(140, 59, 'Enero', '2018-01-01'),
(141, 64, 'Enero', '2018-01-01'),
(142, 65, 'Enero', '2018-01-01'),
(143, 66, 'Enero', '2018-01-01'),
(144, 67, 'Enero', '2018-01-01'),
(145, 68, 'Enero', '2018-01-01'),
(146, 69, 'Enero', '2018-01-01'),
(147, 70, 'Enero', '2018-01-01'),
(148, 72, 'Enero', '2018-01-01'),
(149, 73, 'Enero', '2018-01-01'),
(150, 76, 'Enero', '2018-01-01'),
(151, 77, 'Enero', '2018-01-01'),
(152, 82, 'Enero', '2018-01-01'),
(153, 84, 'Enero', '2018-01-01'),
(154, 87, 'Enero', '2018-01-01'),
(155, 88, 'Enero', '2018-01-01'),
(156, 91, 'Enero', '2018-01-01'),
(157, 93, 'Enero', '2018-01-01'),
(158, 94, 'Enero', '2018-01-01'),
(159, 100, 'Enero', '2018-01-01'),
(160, 104, 'Enero', '2018-01-01'),
(161, 105, 'Enero', '2018-01-01'),
(162, 106, 'Enero', '2018-01-01'),
(163, 107, 'Enero', '2018-01-01'),
(164, 108, 'Enero', '2018-01-01'),
(165, 110, 'Enero', '2018-01-01'),
(166, 112, 'Enero', '2018-01-01'),
(167, 113, 'Enero', '2018-01-01'),
(168, 114, 'Enero', '2018-01-01'),
(169, 118, 'Enero', '2018-01-01'),
(170, 121, 'Enero', '2018-01-01'),
(171, 123, 'Enero', '2018-01-01'),
(172, 124, 'Enero', '2018-01-01'),
(173, 128, 'Enero', '2018-01-01'),
(174, 131, 'Enero', '2018-01-01'),
(175, 134, 'Enero', '2018-01-01'),
(176, 136, 'Enero', '2018-01-01'),
(177, 138, 'Enero', '2018-01-01'),
(178, 140, 'Enero', '2018-01-01'),
(179, 141, 'Enero', '2018-01-01'),
(180, 149, 'Enero', '2018-01-01'),
(181, 150, 'Enero', '2018-01-01'),
(182, 151, 'Enero', '2018-01-01'),
(183, 158, 'Enero', '2018-01-01'),
(184, 159, 'Enero', '2018-01-01'),
(185, 160, 'Enero', '2018-01-01'),
(186, 158, 'Enero', '2018-01-01'),
(187, 158, 'Enero', '2018-01-01'),
(188, 159, 'Enero', '2018-01-01'),
(189, 160, 'Enero', '2018-01-01'),
(190, 161, 'Enero', '2018-01-01'),
(191, 163, 'Enero', '2018-01-01'),
(192, 164, 'Enero', '2018-01-01'),
(193, 165, 'Enero', '2018-01-01'),
(194, 167, 'Enero', '2018-01-01'),
(195, 168, 'Enero', '2018-01-01'),
(196, 169, 'Enero', '2018-01-01'),
(197, 171, 'Enero', '2018-01-01'),
(198, 172, 'Enero', '2018-01-01'),
(199, 173, 'Enero', '2018-01-01'),
(200, 175, 'Enero', '2018-01-01'),
(201, 181, 'Enero', '2018-01-01'),
(202, 182, 'Enero', '2018-01-01'),
(203, 183, 'Enero', '2018-01-01'),
(204, 184, 'Enero', '2018-01-01'),
(205, 187, 'Enero', '2018-01-01'),
(206, 188, 'Enero', '2018-01-01'),
(207, 198, 'Enero', '2018-01-01'),
(208, 202, 'Enero', '2018-01-01'),
(209, 82, 'Enero', '2018-01-02'),
(210, 81, 'Enero', '2018-01-09'),
(211, 81, 'Enero', '2018-01-10'),
(212, 179, 'Enero', '2018-01-10'),
(213, 42, 'Enero', '2018-01-10'),
(214, 63, 'Enero', '2018-01-10'),
(215, 93, 'Enero', '2018-01-16'),
(216, 71, 'Enero', '2018-01-17'),
(217, 104, 'Enero', '2018-01-17'),
(218, 28, 'Enero', '2018-01-18'),
(219, 128, 'Enero', '2018-01-18'),
(220, 200, 'Enero', '2018-01-18'),
(221, 162, 'Enero', '2018-01-19'),
(222, 94, 'Enero', '2018-01-20'),
(223, 37, 'Enero', '2018-01-26'),
(224, 14, 'Enero', '2018-01-29'),
(225, 37, 'Enero', '2018-01-29'),
(226, 37, 'Enero', '2018-01-29'),
(227, 172, 'Enero', '2018-01-29'),
(228, 208, 'Enero', '2018-01-30'),
(229, 208, 'Enero', '2018-01-30'),
(230, 180, 'Enero', '2018-01-30'),
(231, 127, 'Enero', '2018-01-30');

-- --------------------------------------------------------

--
-- Table structure for table `factura`
--

CREATE TABLE IF NOT EXISTS `factura` (
`id-factura` int(11) NOT NULL,
  `id-afiliado` int(11) NOT NULL,
  `fecha-pago` date DEFAULT NULL,
  `iva` int(11) NOT NULL DEFAULT '19',
  `notas` text NOT NULL,
  `descuento` float NOT NULL,
  `valorf` float NOT NULL,
  `valorp` float NOT NULL COMMENT 'valor pagado',
  `saldo` float NOT NULL,
  `cerrado` int(11) NOT NULL DEFAULT '0' COMMENT '1-cerrado 0-abierto',
  `fecha-cierre` date NOT NULL,
  `vencidos` int(11) NOT NULL,
  `periodo` varchar(50) NOT NULL
) ENGINE=InnoDB AUTO_INCREMENT=203 DEFAULT CHARSET=latin1;

--
-- Dumping data for table `factura`
--

INSERT INTO `factura` (`id-factura`, `id-afiliado`, `fecha-pago`, `iva`, `notas`, `descuento`, `valorf`, `valorp`, `saldo`, `cerrado`, `fecha-cierre`, `vencidos`, `periodo`) VALUES
(1, 1, '2018-01-13', 19, 'notas', 0, 40000, 0, 0, 1, '2018-01-13', 0, 'Enero'),
(2, 2, '2018-01-11', 19, 'notas', 0, 35000, 0, 0, 1, '2018-01-11', 0, 'Enero'),
(3, 3, '0000-00-00', 19, 'notas', 0, 45000, 0, 90000, 0, '0000-00-00', 1, 'Enero'),
(4, 4, '0000-00-00', 19, 'notas', 0, 40000, 0, 40000, 0, '0000-00-00', 0, 'Enero'),
(5, 5, '2018-01-03', 19, 'notas', 0, 45000, 0, 45000, 0, '0000-00-00', 1, 'Enero'),
(6, 6, '2018-01-16', 19, 'notas', 0, 45000, 0, 0, 1, '2018-01-16', 0, 'Enero'),
(7, 7, '2018-01-30', 19, 'notas', 0, 60000, 0, 0, 1, '2018-01-30', 0, 'Enero'),
(8, 8, '0000-00-00', 19, 'notas', 0, 45000, 0, 135000, 0, '0000-00-00', 2, 'Enero'),
(9, 9, '2018-01-17', 19, 'notas', 0, 40000, 0, 0, 1, '2018-01-17', 0, 'Enero'),
(10, 10, '0000-00-00', 19, 'notas', 0, 60000, 0, 240000, 0, '0000-00-00', 3, 'Enero'),
(11, 11, '0000-00-00', 19, 'notas', 0, 25000, 0, 225000, 0, '0000-00-00', 8, 'Enero'),
(12, 12, '0000-00-00', 19, 'notas', 0, 45000, 0, 45000, 0, '0000-00-00', 0, 'Enero'),
(13, 13, '0000-00-00', 19, 'notas', 0, 60000, 0, 60000, 0, '0000-00-00', 0, 'Enero'),
(14, 14, '2018-01-29', 19, 'notas', 0, 35000, 0, 0, 1, '2018-01-29', 0, 'Enero'),
(15, 15, '0000-00-00', 19, 'notas', 0, 45000, 0, 45000, 0, '0000-00-00', 0, 'Enero'),
(16, 16, '2018-01-10', 19, 'notas', 0, 45000, 0, 0, 1, '2018-01-10', 0, 'Enero'),
(17, 17, '0000-00-00', 19, 'notas', 0, 40000, 0, 80000, 0, '0000-00-00', 1, 'Enero'),
(18, 18, '2018-01-05', 19, 'notas', 0, 45000, 0, 0, 1, '2018-01-05', 0, 'Enero'),
(19, 19, '2018-01-03', 19, 'notas', 0, 60000, 0, 0, 1, '2018-01-03', 0, 'Enero'),
(20, 20, '2018-01-05', 19, 'notas', 0, 45000, 0, 0, 1, '2018-01-05', 0, 'Enero'),
(21, 21, '2018-01-03', 19, 'notas', 0, 45000, 0, 45000, 0, '0000-00-00', 1, 'Enero'),
(22, 22, '0000-00-00', 19, 'notas', 0, 45000, 0, 180000, 0, '0000-00-00', 3, 'Enero'),
(23, 23, '2018-01-06', 19, 'notas', 0, 45000, 0, 0, 1, '2018-01-06', 0, 'Enero'),
(24, 24, '2018-01-03', 19, 'notas', 0, 60000, 0, 0, 1, '2018-01-03', 0, 'Enero'),
(25, 25, '2018-01-24', 19, 'notas', 0, 45000, 0, 0, 1, '2018-01-24', 0, 'Enero'),
(26, 26, '2018-01-09', 19, 'notas', 0, 45000, 0, 0, 1, '2018-01-09', 0, 'Enero'),
(27, 27, '0000-00-00', 19, 'notas', 0, 45000, 0, 45000, 0, '0000-00-00', 0, 'Enero'),
(28, 28, '2018-01-18', 19, 'notas', 0, 45000, 0, 0, 1, '2018-01-18', 0, 'Enero'),
(29, 29, '0000-00-00', 19, 'notas', 0, 45000, 0, 135000, 0, '0000-00-00', 2, 'Enero'),
(30, 30, '2018-01-09', 19, 'notas', 0, 45000, 0, 0, 1, '2018-01-09', 0, 'Enero'),
(31, 31, '0000-00-00', 19, 'notas', 0, 45000, 0, 45000, 0, '0000-00-00', 0, 'Enero'),
(32, 32, '2018-01-24', 19, 'notas', 0, 45000, 0, 0, 1, '2018-01-24', 0, 'Enero'),
(33, 33, '0000-00-00', 19, 'notas', 0, 45000, 0, 90000, 0, '0000-00-00', 1, 'Enero'),
(34, 34, '2018-01-30', 19, 'notas', 0, 60000, 0, 60000, 0, '0000-00-00', 1, 'Enero'),
(35, 35, '0000-00-00', 19, 'notas', 0, 40000, 0, 120000, 0, '0000-00-00', 2, 'Enero'),
(36, 36, '0000-00-00', 19, 'notas', 0, 60000, 0, 120000, 0, '0000-00-00', 1, 'Enero'),
(37, 37, '0000-00-00', 19, 'notas', 0, 90000, 0, 270000, 0, '0000-00-00', 2, 'Enero'),
(38, 38, '2018-01-18', 19, 'notas', 0, 40000, 0, 0, 1, '2018-01-18', 0, 'Enero'),
(39, 39, '0000-00-00', 19, 'notas', 0, 45000, 0, 45000, 0, '0000-00-00', 0, 'Enero'),
(40, 40, '2018-01-05', 19, 'notas', 0, 40000, 0, 0, 1, '2018-01-05', 0, 'Enero'),
(41, 41, '0000-00-00', 19, 'notas', 0, 45000, 0, 45000, 0, '0000-00-00', 0, 'Enero'),
(42, 42, '2018-01-10', 19, 'notas', 0, 45000, 0, 0, 1, '2018-01-10', 0, 'Enero'),
(43, 43, '2018-01-19', 19, 'notas', 0, 40000, 0, 0, 1, '2018-01-19', 0, 'Enero'),
(44, 44, '0000-00-00', 19, 'notas', 0, 150000, 0, 150000, 0, '0000-00-00', 0, 'Enero'),
(45, 45, '0000-00-00', 19, 'notas', 0, 45000, 0, 45000, 0, '0000-00-00', 0, 'Enero'),
(46, 46, '2018-01-24', 19, 'notas', 0, 45000, 0, 0, 1, '2018-01-24', 0, 'Enero'),
(47, 47, '2018-01-23', 19, 'notas', 0, 45000, 0, 0, 1, '2018-01-23', 0, 'Enero'),
(48, 48, '0000-00-00', 19, 'notas', 0, 180000, 0, 540000, 0, '0000-00-00', 2, 'Enero'),
(49, 49, '0000-00-00', 19, 'notas', 0, 40000, 0, 80000, 0, '0000-00-00', 1, 'Enero'),
(50, 50, '2018-01-05', 19, 'notas', 0, 45000, 0, 0, 1, '2018-01-05', 0, 'Enero'),
(51, 51, '2018-01-05', 19, 'notas', 0, 45000, 0, 0, 1, '2018-01-05', 0, 'Enero'),
(52, 52, '0000-00-00', 19, 'notas', 0, 45000, 0, 90000, 0, '0000-00-00', 1, 'Enero'),
(53, 53, '0000-00-00', 19, 'notas', 0, 45000, 0, 45000, 0, '0000-00-00', 0, 'Enero'),
(54, 54, '2018-01-24', 19, 'notas', 0, 45000, 0, 0, 1, '2018-01-24', 0, 'Enero'),
(55, 55, '0000-00-00', 19, 'notas', 0, 45000, 0, 45000, 0, '0000-00-00', 0, 'Enero'),
(56, 56, '2018-01-15', 19, 'notas', 0, 90000, 0, 0, 1, '2018-01-15', 0, 'Enero'),
(57, 57, '0000-00-00', 19, 'notas', 0, 45000, 0, 90000, 0, '0000-00-00', 1, 'Enero'),
(58, 58, '2018-01-18', 19, 'notas', 0, 45000, 0, 0, 1, '2018-01-18', 0, 'Enero'),
(59, 59, '0000-00-00', 19, 'notas', 0, 60000, 0, 180000, 0, '0000-00-00', 2, 'Enero'),
(60, 60, '2018-01-30', 19, 'notas', 0, 60000, 0, 0, 1, '2018-01-30', 0, 'Enero'),
(61, 61, '2018-01-29', 19, 'notas', 0, 40000, 0, 0, 1, '2018-01-29', 0, 'Enero'),
(62, 62, '2018-01-15', 19, 'notas', 0, 45000, 0, 0, 1, '2018-01-15', 0, 'Enero'),
(63, 63, '2018-01-10', 19, 'notas', 0, 45000, 0, 45000, 0, '0000-00-00', 1, 'Enero'),
(64, 64, '0000-00-00', 19, 'notas', 0, 45000, 0, 45000, 0, '0000-00-00', 0, 'Enero'),
(65, 65, '2018-01-11', 19, 'notas', 0, 45000, 0, 45000, 0, '0000-00-00', 1, 'Enero'),
(66, 66, '0000-00-00', 19, 'notas', 0, 45000, 0, 135000, 0, '0000-00-00', 2, 'Enero'),
(67, 67, '2018-01-15', 19, 'notas', 0, 45000, 0, 0, 1, '2018-01-15', 0, 'Enero'),
(68, 68, '0000-00-00', 19, 'notas', 0, 45000, 0, 90000, 0, '0000-00-00', 1, 'Enero'),
(69, 69, '2018-01-22', 19, 'notas', 0, 60000, 0, 0, 1, '2018-01-22', 0, 'Enero'),
(70, 70, '2018-01-09', 19, 'notas', 0, 45000, 0, 0, 1, '2018-01-09', 0, 'Enero'),
(71, 71, '2018-01-17', 19, 'notas', 0, 60000, 0, 0, 1, '2018-01-17', 0, 'Enero'),
(72, 72, '2018-01-09', 19, 'notas', 0, 45000, 0, 90000, 0, '0000-00-00', 3, 'Enero'),
(73, 73, '0000-00-00', 19, 'notas', 0, 40000, 0, 120000, 0, '0000-00-00', 2, 'Enero'),
(74, 74, '2018-01-09', 19, 'notas', 0, 45000, 0, 0, 1, '2018-01-09', 0, 'Enero'),
(75, 75, '2018-01-06', 19, 'notas', 0, 45000, 0, 0, 1, '2018-01-06', 0, 'Enero'),
(76, 76, '2018-01-15', 19, 'notas', 0, 45000, 0, 0, 1, '2018-01-15', 0, 'Enero'),
(77, 77, '2018-01-15', 19, 'notas', 0, 45000, 0, 0, 1, '2018-01-15', 0, 'Enero'),
(78, 78, '0000-00-00', 19, 'notas', 0, 40000, 0, 40000, 0, '0000-00-00', 0, 'Enero'),
(79, 79, '0000-00-00', 19, 'notas', 0, 45000, 0, 45000, 0, '0000-00-00', 0, 'Enero'),
(80, 80, '2018-01-30', 19, 'notas', 0, 35000, 0, 0, 1, '2018-01-30', 0, 'Enero'),
(81, 81, '2018-01-09', 19, 'notas', 0, 60000, 0, 0, 1, '2018-01-09', 0, 'Enero'),
(82, 82, '2018-01-03', 19, 'notas', 0, 45000, 0, 0, 1, '2018-01-03', 0, 'Enero'),
(83, 83, '0000-00-00', 19, 'notas', 0, 40000, 0, 160000, 0, '0000-00-00', 3, 'Enero'),
(84, 84, '2018-01-05', 19, 'notas', 0, 60000, 0, 0, 1, '2018-01-05', 0, 'Enero'),
(85, 85, '0000-00-00', 19, 'notas', 0, 45000, 0, 90000, 0, '0000-00-00', 1, 'Enero'),
(86, 86, '2018-01-09', 19, 'notas', 0, 45000, 0, 0, 1, '2018-01-09', 0, 'Enero'),
(87, 87, '0000-00-00', 19, 'notas', 0, 60000, 0, 120000, 0, '0000-00-00', 1, 'Enero'),
(88, 88, '2018-01-23', 19, 'notas', 0, 45000, 0, 0, 1, '2018-01-23', 0, 'Enero'),
(89, 89, '0000-00-00', 19, 'notas', 0, 45000, 0, 45000, 0, '0000-00-00', 0, 'Enero'),
(90, 90, '0000-00-00', 19, 'notas', 0, 60000, 0, 120000, 0, '0000-00-00', 1, 'Enero'),
(91, 91, '0000-00-00', 19, 'notas', 0, 0, 0, 0, 0, '0000-00-00', 1, 'Enero'),
(92, 92, '2018-01-09', 19, 'notas', 0, 45000, 0, 0, 1, '2018-01-09', 0, 'Enero'),
(93, 93, '2018-01-23', 19, 'notas', 0, 45000, 0, 23000, 0, '0000-00-00', 1, 'Enero'),
(94, 94, '2018-01-20', 19, 'notas', 0, 45000, 0, 40000, 0, '0000-00-00', 1, 'Enero'),
(95, 95, '0000-00-00', 19, 'notas', 0, 40000, 0, 200000, 0, '0000-00-00', 4, 'Enero'),
(96, 96, '2018-01-12', 19, 'notas', 0, 45000, 0, 0, 1, '2018-01-12', 0, 'Enero'),
(97, 97, '0000-00-00', 19, 'notas', 0, 50000, 0, 400000, 0, '0000-00-00', 7, 'Enero'),
(98, 98, '0000-00-00', 19, 'notas', 0, 60000, 0, 120000, 0, '0000-00-00', 1, 'Enero'),
(99, 99, '0000-00-00', 19, 'notas', 0, 45000, 0, 270000, 0, '0000-00-00', 5, 'Enero'),
(100, 100, '2018-01-12', 19, 'notas', 0, 45000, 0, 0, 1, '2018-01-12', 0, 'Enero'),
(101, 101, '2018-01-03', 19, 'notas', 0, 45000, 0, 0, 1, '2018-01-03', 0, 'Enero'),
(102, 102, '0000-00-00', 19, 'notas', 0, 40000, 0, 120000, 0, '0000-00-00', 2, 'Enero'),
(103, 103, '2018-01-23', 19, 'notas', 0, 35000, 0, 0, 1, '2018-01-23', 0, 'Enero'),
(104, 104, '2018-01-18', 19, 'notas', 0, 45000, 0, 45000, 0, '0000-00-00', 1, 'Enero'),
(105, 105, '0000-00-00', 19, 'notas', 0, 40000, 0, 200000, 0, '0000-00-00', 4, 'Enero'),
(106, 106, '0000-00-00', 19, 'notas', 0, 45000, 0, 45000, 0, '0000-00-00', 0, 'Enero'),
(107, 107, '2018-01-20', 19, 'notas', 0, 38000, 0, 38000, 0, '0000-00-00', 2, 'Enero'),
(108, 108, '2018-01-09', 19, 'notas', 0, 45000, 0, 0, 1, '2018-01-09', 0, 'Enero'),
(109, 109, '0000-00-00', 19, 'notas', 0, 45000, 0, 45000, 0, '0000-00-00', 0, 'Enero'),
(110, 110, '0000-00-00', 19, 'notas', 0, 45000, 0, 45000, 0, '0000-00-00', 0, 'Enero'),
(111, 111, '0000-00-00', 19, 'notas', 0, 45000, 0, 45000, 0, '0000-00-00', 0, 'Enero'),
(112, 112, '2018-01-13', 19, 'notas', 0, 45000, 0, 45000, 0, '0000-00-00', 1, 'Enero'),
(113, 113, '0000-00-00', 19, 'notas', 0, 45000, 0, 90000, 0, '0000-00-00', 1, 'Enero'),
(114, 114, '0000-00-00', 19, 'notas', 0, 55000, 0, 165000, 0, '0000-00-00', 2, 'Enero'),
(115, 115, '0000-00-00', 19, 'notas', 0, 45000, 0, 45000, 0, '0000-00-00', 0, 'Enero'),
(116, 116, '0000-00-00', 19, 'notas', 0, 40000, 0, 120000, 0, '0000-00-00', 2, 'Enero'),
(117, 117, '0000-00-00', 19, 'notas', 0, 45000, 0, 180000, 0, '0000-00-00', 3, 'Enero'),
(118, 118, '0000-00-00', 19, 'notas', 0, 45000, 0, 90000, 0, '0000-00-00', 1, 'Enero'),
(119, 119, '2018-01-15', 19, 'notas', 0, 40000, 0, 0, 1, '2018-01-15', 0, 'Enero'),
(120, 120, '2018-01-18', 19, 'notas', 0, 40000, 0, 0, 1, '2018-01-18', 0, 'Enero'),
(121, 121, '0000-00-00', 19, 'notas', 0, 45000, 0, 135000, 0, '0000-00-00', 2, 'Enero'),
(122, 122, '2018-01-03', 19, 'notas', 0, 45000, 0, 0, 1, '2018-01-03', 0, 'Enero'),
(123, 123, '0000-00-00', 19, 'notas', 0, 60000, 0, 60000, 0, '0000-00-00', 0, 'Enero'),
(124, 124, '0000-00-00', 19, 'notas', 0, 45000, 0, 135000, 0, '0000-00-00', 2, 'Enero'),
(125, 125, '2018-01-13', 19, 'notas', 0, 45000, 0, 0, 1, '2018-01-13', 0, 'Enero'),
(126, 126, '2018-01-23', 19, 'notas', 0, 45000, 0, 0, 1, '2018-01-23', 0, 'Enero'),
(127, 127, '2018-01-06', 19, 'notas', 0, 45000, 0, 0, 1, '2018-01-06', 0, 'Enero'),
(128, 128, '2018-01-18', 19, 'notas', 0, 45000, 0, 0, 1, '2018-01-18', 0, 'Enero'),
(129, 129, '2018-01-30', 19, 'notas', 0, 40000, 0, 0, 1, '2018-01-30', 0, 'Enero'),
(130, 130, '0000-00-00', 19, 'notas', 0, 45000, 0, 90000, 0, '0000-00-00', 1, 'Enero'),
(131, 131, '0000-00-00', 19, 'notas', 0, 45000, 0, 180000, 0, '0000-00-00', 3, 'Enero'),
(132, 132, '2018-01-04', 19, 'notas', 0, 65000, 0, 0, 1, '2018-01-04', 0, 'Enero'),
(133, 133, '0000-00-00', 19, 'notas', 0, 45000, 0, 45000, 0, '0000-00-00', 0, 'Enero'),
(134, 134, '0000-00-00', 19, 'notas', 0, 45000, 0, 90000, 0, '0000-00-00', 1, 'Enero'),
(135, 135, '0000-00-00', 19, 'notas', 0, 45000, 0, 45000, 0, '0000-00-00', 0, 'Enero'),
(136, 136, '0000-00-00', 19, 'notas', 0, 40000, 0, 80000, 0, '0000-00-00', 1, 'Enero'),
(137, 137, '0000-00-00', 19, 'notas', 0, 45000, 0, 270000, 0, '0000-00-00', 5, 'Enero'),
(138, 138, '0000-00-00', 19, 'notas', 0, 60000, 0, 60000, 0, '0000-00-00', 0, 'Enero'),
(139, 139, '0000-00-00', 19, 'notas', 0, 45000, 0, 360000, 0, '0000-00-00', 7, 'Enero'),
(140, 140, '0000-00-00', 19, 'notas', 0, 45000, 0, 135000, 0, '0000-00-00', 2, 'Enero'),
(141, 141, '0000-00-00', 19, 'notas', 0, 60000, 0, 120000, 0, '0000-00-00', 1, 'Enero'),
(142, 142, '2018-01-04', 19, 'notas', 0, 45000, 0, 0, 1, '2018-01-04', 0, 'Enero'),
(143, 143, '2018-01-05', 19, 'notas', 0, 45000, 0, 0, 1, '2018-01-05', 0, 'Enero'),
(144, 144, '0000-00-00', 19, 'notas', 0, 30000, 0, 120000, 0, '0000-00-00', 3, 'Enero'),
(145, 145, '0000-00-00', 19, 'notas', 0, 45000, 0, 45000, 0, '0000-00-00', 0, 'Enero'),
(146, 146, '0000-00-00', 19, 'notas', 0, 45000, 0, 90000, 0, '0000-00-00', 1, 'Enero'),
(147, 147, '0000-00-00', 19, 'notas', 0, 45000, 0, 45000, 0, '0000-00-00', 0, 'Enero'),
(148, 148, '0000-00-00', 19, 'notas', 0, 45000, 0, 45000, 0, '0000-00-00', 0, 'Enero'),
(149, 149, '2018-01-06', 19, 'notas', 0, 45000, 0, 0, 1, '2018-01-06', 0, 'Enero'),
(150, 150, '0000-00-00', 19, 'notas', 0, 90000, 0, 90000, 0, '0000-00-00', 0, 'Enero'),
(151, 151, '2018-01-22', 19, 'notas', 0, 45000, 0, 0, 1, '2018-01-22', 0, 'Enero'),
(152, 152, '2018-01-03', 19, 'notas', 0, 45000, 0, 0, 1, '2018-01-03', 0, 'Enero'),
(153, 153, '2018-01-30', 19, 'notas', 0, 30000, 0, 0, 1, '2018-01-30', 0, 'Enero'),
(154, 154, '2018-01-12', 19, 'notas', 0, 45000, 0, 45000, 0, '0000-00-00', 2, 'Enero'),
(155, 155, '2018-01-05', 19, 'notas', 0, 45000, 0, 0, 1, '2018-01-05', 0, 'Enero'),
(156, 156, '2018-01-09', 19, 'notas', 0, 40000, 0, 46000, 0, '0000-00-00', 1, 'Enero'),
(157, 157, '2018-01-09', 19, 'notas', 0, 45000, 0, 0, 1, '2018-01-09', 0, 'Enero'),
(158, 158, '2018-01-15', 19, 'notas', 0, 45000, 0, 45000, 0, '0000-00-00', 1, 'Enero'),
(159, 159, '2018-01-18', 19, 'notas', 0, 45000, 0, 0, 1, '2018-01-18', 0, 'Enero'),
(160, 160, '0000-00-00', 19, 'notas', 0, 50000, 0, 150000, 0, '0000-00-00', 2, 'Enero'),
(161, 161, '0000-00-00', 19, 'notas', 0, 60000, 0, 60000, 0, '0000-00-00', 0, 'Enero'),
(162, 162, '2018-01-19', 19, 'notas', 0, 45000, 0, 0, 1, '2018-01-19', 0, 'Enero'),
(163, 163, '2018-01-04', 19, 'notas', 0, 45000, 0, 0, 1, '2018-01-04', 0, 'Enero'),
(164, 164, '2018-01-23', 19, 'notas', 0, 60000, 0, 0, 1, '2018-01-23', 0, 'Enero'),
(165, 165, '0000-00-00', 19, 'notas', 0, 135000, 0, 270000, 0, '0000-00-00', 1, 'Enero'),
(166, 166, '2018-01-30', 19, 'notas', 0, 45000, 0, 0, 1, '2018-01-30', 0, 'Enero'),
(167, 167, '2018-01-20', 19, 'notas', 0, 60000, 0, 0, 1, '2018-01-20', 0, 'Enero'),
(168, 168, '0000-00-00', 19, 'notas', 0, 45000, 0, 45000, 0, '0000-00-00', 0, 'Enero'),
(169, 169, '0000-00-00', 19, 'notas', 0, 40000, 0, 240000, 0, '0000-00-00', 5, 'Enero'),
(170, 170, '0000-00-00', 19, 'notas', 0, 45000, 0, 90000, 0, '0000-00-00', 1, 'Enero'),
(171, 171, '2018-01-09', 19, 'notas', 0, 45000, 0, 0, 1, '2018-01-09', 0, 'Enero'),
(172, 172, '0000-00-00', 19, 'notas', 0, 60000, 0, 120000, 0, '0000-00-00', 1, 'Enero'),
(173, 173, '2018-01-16', 19, 'notas', 0, 45000, 0, 0, 1, '2018-01-16', 0, 'Enero'),
(174, 174, '0000-00-00', 19, 'notas', 0, 40000, 0, 40000, 0, '0000-00-00', 0, 'Enero'),
(175, 175, '0000-00-00', 19, 'notas', 0, 45000, 0, 45000, 0, '0000-00-00', 0, 'Enero'),
(176, 176, '0000-00-00', 19, 'notas', 0, 45000, 0, 45000, 0, '0000-00-00', 0, 'Enero'),
(177, 177, '0000-00-00', 19, 'notas', 0, 45000, 0, 180000, 0, '0000-00-00', 3, 'Enero'),
(178, 178, '0000-00-00', 19, 'notas', 0, 40000, 0, 120000, 0, '0000-00-00', 2, 'Enero'),
(179, 179, '2018-01-10', 19, 'notas', 0, 45000, 0, 135000, 0, '0000-00-00', 3, 'Enero'),
(180, 180, '2018-01-05', 19, 'notas', 0, 45000, 0, 0, 1, '2018-01-05', 0, 'Enero'),
(181, 181, '0000-00-00', 19, 'notas', 0, 60000, 0, 60000, 0, '0000-00-00', 0, 'Enero'),
(182, 182, '2018-01-19', 19, 'notas', 0, 40000, 0, 0, 1, '2018-01-19', 0, 'Enero'),
(183, 183, '0000-00-00', 19, 'notas', 0, 45000, 0, 90000, 0, '0000-00-00', 1, 'Enero'),
(184, 184, '0000-00-00', 19, 'notas', 0, 45000, 0, 90000, 0, '0000-00-00', 1, 'Enero'),
(185, 185, '2018-01-05', 19, 'notas', 0, 90000, 0, 0, 1, '2018-01-05', 0, 'Enero'),
(186, 186, '2018-01-10', 19, 'notas', 0, 40000, 0, 40000, 0, '0000-00-00', 2, 'Enero'),
(187, 187, '2018-01-12', 19, 'notas', 0, 45000, 0, 0, 1, '2018-01-12', 0, 'Enero'),
(188, 188, '2018-01-12', 19, 'notas', 0, 45000, 0, 0, 1, '2018-01-12', 0, 'Enero'),
(189, 189, '2018-01-15', 19, 'notas', 0, 60000, 0, 0, 1, '2018-01-15', 0, 'Enero'),
(190, 190, '2018-01-04', 19, 'notas', 0, 30000, 0, 0, 1, '2018-01-04', 0, 'Enero'),
(191, 191, '0000-00-00', 19, 'notas', 0, 80000, 0, 80000, 0, '0000-00-00', 0, 'Enero'),
(192, 192, '0000-00-00', 19, 'notas', 0, 75000, 0, 150000, 0, '0000-00-00', 1, 'Enero'),
(193, 193, '2018-01-30', 19, 'notas', 0, 45000, 0, 0, 1, '2018-01-30', 0, 'Enero'),
(194, 194, '0000-00-00', 19, 'notas', 0, 45000, 0, 90000, 0, '0000-00-00', 1, 'Enero'),
(195, 195, '0000-00-00', 19, 'notas', 0, 40000, 0, 40000, 0, '0000-00-00', 0, 'Enero'),
(196, 196, '2018-01-03', 19, 'notas', 0, 45000, 0, 45000, 0, '0000-00-00', 2, 'Enero'),
(197, 197, '0000-00-00', 19, 'notas', 0, 45000, 0, 45000, 0, '0000-00-00', 0, 'Enero'),
(198, 198, '2018-01-23', 19, 'notas', 0, 45000, 0, 0, 1, '2018-01-23', 0, 'Enero'),
(199, 199, '0000-00-00', 19, 'notas', 0, 45000, 0, 90000, 0, '0000-00-00', 1, 'Enero'),
(200, 200, '2018-01-18', 19, 'notas', 0, 45000, 0, 45000, 0, '0000-00-00', 1, 'Enero'),
(201, 201, '0000-00-00', 19, 'notas', 0, 105000, 0, 105000, 0, '0000-00-00', 0, 'Enero'),
(202, 202, '0000-00-00', 19, 'notas', 0, 45000, 0, 45000, 0, '0000-00-00', 0, 'Enero');

-- --------------------------------------------------------

--
-- Table structure for table `nuevocliente`
--

CREATE TABLE IF NOT EXISTS `nuevocliente` (
`id` int(11) NOT NULL,
  `nombres` text NOT NULL,
  `apellidos` text NOT NULL,
  `email` text NOT NULL,
  `valordelplan` text NOT NULL,
  `nombredelinstalador` text NOT NULL,
  `ciudad` text NOT NULL,
  `direccion` text NOT NULL,
  `tipodeplan` text NOT NULL,
  `telefonocelular` text NOT NULL,
  `fechadeinstalacion` text NOT NULL
) ENGINE=MyISAM AUTO_INCREMENT=3 DEFAULT CHARSET=latin1;

--
-- Dumping data for table `nuevocliente`
--

INSERT INTO `nuevocliente` (`id`, `nombres`, `apellidos`, `email`, `valordelplan`, `nombredelinstalador`, `ciudad`, `direccion`, `tipodeplan`, `telefonocelular`, `fechadeinstalacion`) VALUES
(1, 'andres', 'hernandez', 'andres@gmail.com', '60000', 'uriel patiño', 'acacias meta', 'cra 4 56 brr independencia', '2 megas', '312456879', '07/06/2014'),
(2, 'marcos', 'pinilla', 'marcos@gmail.com', '45000', 'brayan rodriguez', 'guamal meta', 'cll 13 45', '1 mega', '3208976534', '02/01/2014');

-- --------------------------------------------------------

--
-- Table structure for table `recaudo`
--

CREATE TABLE IF NOT EXISTS `recaudo` (
`idrecaudo` int(11) NOT NULL,
  `idfactura` int(11) NOT NULL,
  `fecha-hoy` date NOT NULL,
  `hora` varchar(50) NOT NULL,
  `notas` text NOT NULL,
  `valorp` float NOT NULL COMMENT 'boton pagar',
  `abonar` float NOT NULL COMMENT 'botoin abonar',
  `vendedor` varchar(80) NOT NULL
) ENGINE=InnoDB AUTO_INCREMENT=104 DEFAULT CHARSET=latin1;

--
-- Dumping data for table `recaudo`
--

INSERT INTO `recaudo` (`idrecaudo`, `idfactura`, `fecha-hoy`, `hora`, `notas`, `valorp`, `abonar`, `vendedor`) VALUES
(1, 24, '2018-01-03', '21:27', 'nota', 60000, 0, 'Omar'),
(2, 122, '2018-01-03', '21:28', 'nota', 45000, 0, 'Omar'),
(3, 19, '2018-01-03', '21:28', 'nota', 60000, 0, 'Omar'),
(4, 5, '2018-01-03', '21:29', 'nota', 0, 45000, 'Omar'),
(5, 152, '2018-01-03', '21:29', 'nota', 45000, 0, 'Omar'),
(6, 82, '2018-01-03', '21:34', 'nota', 135000, 0, 'Omar'),
(7, 196, '2018-01-03', '21:36', 'nota', 0, 90000, 'Omar'),
(8, 21, '2018-01-03', '21:51', 'nota', 0, 45000, 'Omar'),
(9, 101, '2018-01-03', '21:52', 'nota', 45000, 0, 'Omar'),
(10, 132, '2018-01-04', '11:21', 'nota', 65000, 0, 'Angie'),
(11, 163, '2018-01-04', '11:30', 'nota', 90000, 0, 'Angie'),
(12, 190, '2018-01-04', '15:07', 'nota', 90000, 0, 'Yesica'),
(13, 142, '2018-01-04', '16:38', 'nota', 45000, 0, 'Yesica'),
(14, 20, '2018-01-05', '09:44', 'nota', 45000, 0, 'Angie'),
(15, 84, '2018-01-05', '09:57', 'nota', 180000, 0, 'Angie'),
(16, 143, '2018-01-05', '10:34', 'nota', 45000, 0, 'Angie'),
(17, 180, '2018-01-05', '10:47', 'nota', 45000, 0, 'Angie'),
(18, 18, '2018-01-05', '10:52', 'nota', 45000, 0, 'Angie'),
(19, 51, '2018-01-05', '14:33', 'nota', 90000, 0, 'Yesica'),
(20, 185, '2018-01-05', '14:35', 'nota', 90000, 0, 'Yesica'),
(21, 155, '2018-01-05', '14:49', 'nota', 45000, 0, 'Yesica'),
(22, 50, '2018-01-05', '15:26', 'nota', 135000, 0, 'Yesica'),
(23, 40, '2018-01-05', '17:09', 'nota', 280000, 0, 'Yesica'),
(24, 75, '2018-01-06', '09:19', 'nota', 45000, 0, 'Angie'),
(25, 127, '2018-01-06', '10:41', 'nota', 45000, 0, 'Angie'),
(26, 23, '2018-01-06', '10:44', 'nota', 45000, 0, 'Angie'),
(27, 149, '2018-01-06', '11:13', 'nota', 45000, 0, 'Angie'),
(28, 92, '2018-01-09', '08:22', 'nota', 45000, 0, 'Angie'),
(29, 74, '2018-01-09', '09:51', 'nota', 45000, 0, 'Angie'),
(30, 26, '2018-01-09', '10:29', 'nota', 90000, 0, 'Angie'),
(31, 30, '2018-01-09', '10:55', 'nota', 45000, 0, 'Angie'),
(32, 108, '2018-01-09', '11:12', 'nota', 45000, 0, 'Angie'),
(33, 156, '2018-01-09', '11:54', 'nota', 0, 34000, 'Angie'),
(34, 81, '2018-01-09', '12:00', 'nota', 60000, 0, 'Angie'),
(35, 72, '2018-01-09', '15:38', 'nota', 0, 90000, 'Yesica'),
(36, 70, '2018-01-09', '15:43', 'nota', 225000, 0, 'Yesica'),
(37, 86, '2018-01-09', '16:00', 'nota', 90000, 0, 'Yesica'),
(38, 171, '2018-01-09', '17:02', 'nota', 45000, 0, 'Yesica'),
(39, 157, '2018-01-09', '17:09', 'nota', 45000, 0, 'Yesica'),
(40, 179, '2018-01-10', '11:42', 'nota', 0, 45000, 'Angie'),
(41, 16, '2018-01-10', '15:37', 'nota', 45000, 0, 'Yesica'),
(42, 63, '2018-01-10', '15:39', 'nota', 0, 45000, 'Yesica'),
(43, 42, '2018-01-10', '15:39', 'nota', 45000, 0, 'Yesica'),
(44, 186, '2018-01-10', '17:29', 'nota', 0, 80000, 'Yesica'),
(45, 2, '2018-01-11', '09:56', 'nota', 35000, 0, 'Angie'),
(46, 65, '2018-01-11', '15:13', 'nota', 0, 45000, 'Yesica'),
(47, 188, '2018-01-12', '09:05', 'nota', 90000, 0, 'Omar'),
(48, 96, '2018-01-12', '09:34', 'nota', 90000, 0, 'Angie'),
(49, 154, '2018-01-12', '10:21', 'nota', 0, 90000, 'Angie'),
(50, 187, '2018-01-12', '11:20', 'nota', 45000, 0, 'Angie'),
(51, 100, '2018-01-12', '15:12', 'nota', 45000, 0, 'Angie'),
(52, 1, '2018-01-13', '09:52', 'nota', 120000, 0, 'Omar'),
(53, 112, '2018-01-13', '10:56', 'nota', 0, 45000, 'Yesica'),
(54, 125, '2018-01-13', '11:53', 'nota', 45000, 0, 'Yesica'),
(55, 158, '2018-01-15', '09:53', 'nota', 0, 45000, 'Yesica'),
(56, 67, '2018-01-15', '10:12', 'nota', 45000, 0, 'Yesica'),
(57, 62, '2018-01-15', '10:54', 'nota', 45000, 0, 'Yesica'),
(58, 119, '2018-01-15', '11:08', 'nota', 40000, 0, 'Yesica'),
(59, 77, '2018-01-15', '11:11', 'nota', 45000, 0, 'Yesica'),
(60, 56, '2018-01-15', '14:02', 'nota', 90000, 0, 'Angie'),
(61, 76, '2018-01-15', '14:51', 'nota', 45000, 0, 'Angie'),
(62, 189, '2018-01-15', '16:04', 'nota', 120000, 0, 'Angie'),
(63, 6, '2018-01-16', '08:58', 'nota', 45000, 0, 'Angie'),
(64, 173, '2018-01-16', '10:05', 'nota', 45000, 0, 'Angie'),
(65, 71, '2018-01-17', '09:31', 'nota', 60000, 0, 'Angie'),
(66, 9, '2018-01-17', '14:07', 'nota', 40000, 0, 'Yesica'),
(67, 58, '2018-01-18', '08:47', 'nota', 45000, 0, 'Angie'),
(68, 104, '2018-01-18', '08:58', 'nota', 0, 45000, 'Angie'),
(69, 159, '2018-01-18', '09:46', 'nota', 45000, 0, 'Angie'),
(70, 120, '2018-01-18', '09:50', 'nota', 120000, 0, 'Angie'),
(71, 28, '2018-01-18', '10:11', 'nota', 45000, 0, 'Angie'),
(72, 128, '2018-01-18', '11:05', 'nota', 45000, 0, 'Angie'),
(73, 38, '2018-01-18', '15:26', 'nota', 40000, 0, 'Yesica'),
(74, 200, '2018-01-18', '17:42', 'nota', 0, 45000, 'Omar'),
(75, 162, '2018-01-19', '10:59', 'nota', 90000, 0, 'Angie'),
(76, 43, '2018-01-19', '19:30', 'nota', 40000, 0, 'Omar'),
(77, 182, '2018-01-19', '19:31', 'nota', 40000, 0, 'Omar'),
(78, 107, '2018-01-20', '09:57', 'nota', 0, 76000, 'Angie'),
(79, 94, '2018-01-20', '11:05', 'nota', 0, 50000, 'Angie'),
(80, 167, '2018-01-20', '11:53', 'nota', 60000, 0, 'Angie'),
(81, 69, '2018-01-22', '10:04', 'nota', 60000, 0, 'Angie'),
(82, 151, '2018-01-22', '10:09', 'nota', 45000, 0, 'Angie'),
(83, 126, '2018-01-23', '09:47', 'nota', 45000, 0, 'Angie'),
(84, 47, '2018-01-23', '14:01', 'nota', 45000, 0, 'Yesica'),
(85, 164, '2018-01-23', '14:11', 'nota', 60000, 0, 'Yesica'),
(86, 198, '2018-01-23', '14:29', 'nota', 45000, 0, 'Yesica'),
(87, 88, '2018-01-23', '15:16', 'nota', 45000, 0, 'Yesica'),
(88, 93, '2018-01-23', '15:49', 'nota', 0, 67000, 'Yesica'),
(89, 103, '2018-01-23', '16:32', 'nota', 35000, 0, 'Yesica'),
(90, 25, '2018-01-24', '10:00', 'nota', 45000, 0, 'Angie'),
(91, 32, '2018-01-24', '10:39', 'nota', 45000, 0, 'Angie'),
(92, 46, '2018-01-24', '15:00', 'nota', 45000, 0, 'Yesica'),
(93, 54, '2018-01-24', '15:24', 'nota', 45000, 0, 'Yesica'),
(94, 61, '2018-01-29', '10:45', 'nota', 40000, 0, 'Angie'),
(95, 14, '2018-01-29', '14:37', 'nota', 70000, 0, 'Angie'),
(96, 34, '2018-01-30', '11:03', 'nota', 0, 60000, 'Angie'),
(97, 80, '2018-01-30', '19:00', 'nota', 70000, 0, 'Omar'),
(98, 193, '2018-01-30', '19:03', 'nota', 45000, 0, 'Omar'),
(99, 129, '2018-01-30', '19:25', 'nota', 40000, 0, 'Omar'),
(100, 60, '2018-01-30', '19:26', 'nota', 60000, 0, 'Omar'),
(101, 153, '2018-01-30', '19:28', 'nota', 30000, 0, 'Omar'),
(102, 166, '2018-01-30', '19:29', 'nota', 45000, 0, 'Omar'),
(103, 7, '2018-01-30', '20:08', 'nota', 60000, 0, 'Omar');

-- --------------------------------------------------------

--
-- Table structure for table `transacciones`
--

CREATE TABLE IF NOT EXISTS `transacciones` (
`idtransaccion` int(11) NOT NULL,
  `valor-recibido` float NOT NULL,
  `valor-a-pagar` float NOT NULL,
  `cambio` float NOT NULL,
  `id-cliente` int(11) NOT NULL,
  `fecha` date NOT NULL,
  `aprobado` varchar(10) NOT NULL,
  `hora` varchar(10) NOT NULL,
  `cajero` varchar(100) NOT NULL
) ENGINE=InnoDB AUTO_INCREMENT=105 DEFAULT CHARSET=latin1;

--
-- Dumping data for table `transacciones`
--

INSERT INTO `transacciones` (`idtransaccion`, `valor-recibido`, `valor-a-pagar`, `cambio`, `id-cliente`, `fecha`, `aprobado`, `hora`, `cajero`) VALUES
(1, 60000, 60000, 0, 24, '2018-01-03', '', '21:27', 'Omar'),
(2, 45000, 45000, 0, 122, '2018-01-03', '', '21:28', 'Omar'),
(3, 60000, 60000, 0, 19, '2018-01-03', '', '21:28', 'Omar'),
(4, 45000, 45000, 0, 5, '2018-01-03', '', '21:29', 'Omar'),
(5, 45000, 45000, 0, 152, '2018-01-03', '', '21:29', 'Omar'),
(6, 135000, 135000, 0, 82, '2018-01-03', '', '21:34', 'Omar'),
(7, 90000, 90000, 0, 196, '2018-01-03', '', '21:36', 'Omar'),
(8, 45000, 45000, 0, 21, '2018-01-03', '', '21:51', 'Omar'),
(9, 45000, 45000, 0, 101, '2018-01-03', '', '21:52', 'Omar'),
(10, 65000, 65000, 0, 132, '2018-01-04', '', '11:21', 'Angie'),
(11, 100000, 90000, 10000, 163, '2018-01-04', '', '11:30', 'Angie'),
(12, 90000, 90000, 0, 190, '2018-01-04', '', '15:07', 'Yesica'),
(13, 45000, 45000, 0, 142, '2018-01-04', '', '16:38', 'Yesica'),
(14, 50000, 45000, 5000, 20, '2018-01-05', '', '09:44', 'Angie'),
(15, 200000, 180000, 20000, 84, '2018-01-05', '', '09:57', 'Angie'),
(16, 50000, 45000, 5000, 143, '2018-01-05', '', '10:34', 'Angie'),
(17, 50000, 45000, 5000, 180, '2018-01-05', '', '10:47', 'Angie'),
(18, 60000, 45000, 15000, 18, '2018-01-05', '', '10:52', 'Angie'),
(19, 90000, 90000, 0, 51, '2018-01-05', '', '14:33', 'Yesica'),
(20, 90000, 90000, 0, 185, '2018-01-05', '', '14:35', 'Yesica'),
(21, 50000, 45000, 5000, 155, '2018-01-05', '', '14:49', 'Yesica'),
(22, 150000, 135000, 15000, 50, '2018-01-05', '', '15:26', 'Yesica'),
(23, 280000, 280000, 0, 40, '2018-01-05', '', '17:09', 'Yesica'),
(24, 50000, 45000, 5000, 75, '2018-01-06', '', '09:19', 'Angie'),
(25, 45000, 45000, 0, 127, '2018-01-06', '', '10:41', 'Angie'),
(26, 50000, 45000, 5000, 23, '2018-01-06', '', '10:44', 'Angie'),
(27, 50000, 45000, 5000, 149, '2018-01-06', '', '11:13', 'Angie'),
(28, 50000, 45000, 5000, 92, '2018-01-09', '', '08:22', 'Angie'),
(29, 45000, 45000, 0, 74, '2018-01-09', '', '09:51', 'Angie'),
(30, 100000, 90000, 10000, 26, '2018-01-09', '', '10:29', 'Angie'),
(31, 45000, 45000, 0, 30, '2018-01-09', '', '10:55', 'Angie'),
(32, 60000, 45000, 15000, 108, '2018-01-09', '', '11:12', 'Angie'),
(33, 34000, 34000, 0, 156, '2018-01-09', '', '11:54', 'Angie'),
(34, 60000, 60000, 0, 81, '2018-01-09', '', '12:00', 'Angie'),
(35, 100000, 90000, 10000, 72, '2018-01-09', '', '15:38', 'Yesica'),
(36, 240000, 225000, 15000, 70, '2018-01-09', '', '15:43', 'Yesica'),
(37, 90000, 90000, 0, 86, '2018-01-09', '', '16:00', 'Yesica'),
(38, 50000, 45000, 5000, 171, '2018-01-09', '', '17:02', 'Yesica'),
(39, 50000, 45000, 5000, 157, '2018-01-09', '', '17:09', 'Yesica'),
(40, 50000, 0, 50000, 157, '2018-01-09', '', '17:09', 'Yesica'),
(41, 50000, 45000, 5000, 179, '2018-01-10', '', '11:42', 'Angie'),
(42, 45000, 45000, 0, 16, '2018-01-10', '', '15:37', 'Yesica'),
(43, 45000, 45000, 0, 63, '2018-01-10', '', '15:39', 'Yesica'),
(44, 45000, 45000, 0, 42, '2018-01-10', '', '15:39', 'Yesica'),
(45, 80000, 80000, 0, 186, '2018-01-10', '', '17:29', 'Yesica'),
(46, 35000, 35000, 0, 2, '2018-01-11', '', '09:56', 'Angie'),
(47, 45000, 45000, 0, 65, '2018-01-11', '', '15:13', 'Yesica'),
(48, 90000, 90000, 0, 188, '2018-01-12', '', '09:05', 'Omar'),
(49, 100000, 90000, 10000, 96, '2018-01-12', '', '09:34', 'Angie'),
(50, 90000, 90000, 0, 154, '2018-01-12', '', '10:21', 'Angie'),
(51, 50000, 45000, 5000, 187, '2018-01-12', '', '11:20', 'Angie'),
(52, 45000, 45000, 0, 100, '2018-01-12', '', '15:12', 'Angie'),
(53, 120000, 120000, 0, 1, '2018-01-13', '', '09:52', 'Omar'),
(54, 50000, 45000, 5000, 112, '2018-01-13', '', '10:56', 'Yesica'),
(55, 50000, 45000, 5000, 125, '2018-01-13', '', '11:53', 'Yesica'),
(56, 50000, 45000, 5000, 158, '2018-01-15', '', '09:53', 'Yesica'),
(57, 50000, 45000, 5000, 67, '2018-01-15', '', '10:12', 'Yesica'),
(58, 45000, 45000, 0, 62, '2018-01-15', '', '10:54', 'Yesica'),
(59, 40000, 40000, 0, 119, '2018-01-15', '', '11:08', 'Yesica'),
(60, 45000, 45000, 0, 77, '2018-01-15', '', '11:11', 'Yesica'),
(61, 100000, 90000, 10000, 56, '2018-01-15', '', '14:02', 'Angie'),
(62, 50000, 45000, 5000, 76, '2018-01-15', '', '14:51', 'Angie'),
(63, 150000, 120000, 30000, 189, '2018-01-15', '', '16:04', 'Angie'),
(64, 50000, 45000, 5000, 6, '2018-01-16', '', '08:58', 'Angie'),
(65, 450000, 45000, 405000, 173, '2018-01-16', '', '10:05', 'Angie'),
(66, 60000, 60000, 0, 71, '2018-01-17', '', '09:31', 'Angie'),
(67, 50000, 40000, 10000, 9, '2018-01-17', '', '14:07', 'Yesica'),
(68, 50000, 45000, 5000, 58, '2018-01-18', '', '08:47', 'Angie'),
(69, 45000, 45000, 0, 104, '2018-01-18', '', '08:58', 'Angie'),
(70, 45000, 45000, 0, 159, '2018-01-18', '', '09:46', 'Angie'),
(71, 120000, 120000, 0, 120, '2018-01-18', '', '09:50', 'Angie'),
(72, 45000, 45000, 0, 28, '2018-01-18', '', '10:11', 'Angie'),
(73, 50000, 45000, 5000, 128, '2018-01-18', '', '11:05', 'Angie'),
(74, 40000, 40000, 0, 38, '2018-01-18', '', '15:26', 'Yesica'),
(75, 45000, 45000, 0, 200, '2018-01-18', '', '17:42', 'Omar'),
(76, 100000, 90000, 10000, 162, '2018-01-19', '', '10:59', 'Angie'),
(77, 40000, 40000, 0, 43, '2018-01-19', '', '19:30', 'Omar'),
(78, 40000, 40000, 0, 182, '2018-01-19', '', '19:31', 'Omar'),
(79, 90000, 76000, 14000, 107, '2018-01-20', '', '09:57', 'Angie'),
(80, 50000, 50000, 0, 94, '2018-01-20', '', '11:05', 'Angie'),
(81, 60000, 60000, 0, 167, '2018-01-20', '', '11:53', 'Angie'),
(82, 60000, 60000, 0, 69, '2018-01-22', '', '10:04', 'Angie'),
(83, 45000, 45000, 0, 151, '2018-01-22', '', '10:09', 'Angie'),
(84, 50000, 45000, 5000, 126, '2018-01-23', '', '09:47', 'Angie'),
(85, 45000, 45000, 0, 47, '2018-01-23', '', '14:01', 'Yesica'),
(86, 60000, 60000, 0, 164, '2018-01-23', '', '14:11', 'Yesica'),
(87, 50000, 45000, 5000, 198, '2018-01-23', '', '14:29', 'Yesica'),
(88, 45000, 45000, 0, 88, '2018-01-23', '', '15:16', 'Yesica'),
(89, 100000, 67000, 33000, 93, '2018-01-23', '', '15:49', 'Yesica'),
(90, 35000, 35000, 0, 103, '2018-01-23', '', '16:32', 'Yesica'),
(91, 50000, 45000, 5000, 25, '2018-01-24', '', '10:00', 'Angie'),
(92, 45000, 45000, 0, 32, '2018-01-24', '', '10:39', 'Angie'),
(93, 50000, 45000, 5000, 46, '2018-01-24', '', '15:00', 'Yesica'),
(94, 50000, 45000, 5000, 54, '2018-01-24', '', '15:24', 'Yesica'),
(95, 50000, 40000, 10000, 61, '2018-01-29', '', '10:45', 'Angie'),
(96, 100000, 70000, 30000, 14, '2018-01-29', '', '14:37', 'Angie'),
(97, 60000, 60000, 0, 34, '2018-01-30', '', '11:03', 'Angie'),
(98, 70000, 70000, 0, 80, '2018-01-30', '', '19:00', 'Omar'),
(99, 45000, 45000, 0, 193, '2018-01-30', '', '19:03', 'Omar'),
(100, 40000, 40000, 0, 129, '2018-01-30', '', '19:25', 'Omar'),
(101, 60000, 60000, 0, 60, '2018-01-30', '', '19:26', 'Omar'),
(102, 30000, 30000, 0, 153, '2018-01-30', '', '19:28', 'Omar'),
(103, 45000, 45000, 0, 166, '2018-01-30', '', '19:29', 'Omar'),
(104, 60000, 60000, 0, 7, '2018-01-30', '', '20:08', 'Omar');

-- --------------------------------------------------------

--
-- Table structure for table `users`
--

CREATE TABLE IF NOT EXISTS `users` (
`id` int(11) NOT NULL,
  `username` varchar(50) NOT NULL,
  `password` varchar(255) DEFAULT NULL,
  `email` varchar(100) DEFAULT NULL,
  `activ_status` tinyint(1) DEFAULT '0',
  `activ_key` varchar(1000) DEFAULT NULL,
  `name` varchar(100) NOT NULL,
  `last-name` varchar(100) NOT NULL,
  `role` varchar(50) NOT NULL
) ENGINE=InnoDB AUTO_INCREMENT=4 DEFAULT CHARSET=latin1;

--
-- Dumping data for table `users`
--

INSERT INTO `users` (`id`, `username`, `password`, `email`, `activ_status`, `activ_key`, `name`, `last-name`, `role`) VALUES
(1, 'Omar', '$2y$10$suGTh2uvZZpmUez8q7V8Gug85.EivK4OxSWW5xoK3F0uFnBuX95gG', 'omar_alberto_h@yahoo.es', 1, '98d9280768a51fb2158d643fe0bf206d63d398a9', 'Omar Alberto', 'Hernandez Diaz', 'admin'),
(2, 'Angie', '$2y$10$5fxoqT9jEaspxuvSzWpw3.ChDKRU3wEdrVsH6oPNt5AdhI8Q.bB1a', 'angielizeth.chaparro@hotmail.com', 1, '320a001cefbba5dadb60efc1c8f027fd9c439719', 'Angie Lizeth', 'Chaparro', 'cajero'),
(3, 'Yesica', '$2y$10$JOeWOM8ZzWIAgda/ApLrkuc66War15vrXo4exfstISe9wMHHz5tDq', 'yessicaespejo88@gmail.com', 1, '04ad9d1e425eaf1ebc83c0bde28dacd562a9488e', 'Yesica Bibiana', 'Espejo Cruz', 'cajero');

-- --------------------------------------------------------

--
-- Table structure for table `users_social`
--

CREATE TABLE IF NOT EXISTS `users_social` (
`id` int(11) NOT NULL,
  `username` varchar(100) DEFAULT NULL,
  `email` varchar(100) DEFAULT NULL,
  `source` varchar(100) DEFAULT NULL
) ENGINE=InnoDB DEFAULT CHARSET=latin1;

--
-- Indexes for dumped tables
--

--
-- Indexes for table `afiliados`
--
ALTER TABLE `afiliados`
 ADD PRIMARY KEY (`id`);

--
-- Indexes for table `agcontrol`
--
ALTER TABLE `agcontrol`
 ADD PRIMARY KEY (`id`);

--
-- Indexes for table `egresos`
--
ALTER TABLE `egresos`
 ADD PRIMARY KEY (`id-egreso`);

--
-- Indexes for table `expediente`
--
ALTER TABLE `expediente`
 ADD PRIMARY KEY (`id`);

--
-- Indexes for table `factura`
--
ALTER TABLE `factura`
 ADD PRIMARY KEY (`id-factura`);

--
-- Indexes for table `nuevocliente`
--
ALTER TABLE `nuevocliente`
 ADD PRIMARY KEY (`id`);

--
-- Indexes for table `recaudo`
--
ALTER TABLE `recaudo`
 ADD PRIMARY KEY (`idrecaudo`);

--
-- Indexes for table `transacciones`
--
ALTER TABLE `transacciones`
 ADD PRIMARY KEY (`idtransaccion`);

--
-- Indexes for table `users`
--
ALTER TABLE `users`
 ADD PRIMARY KEY (`id`), ADD UNIQUE KEY `username` (`username`);

--
-- Indexes for table `users_social`
--
ALTER TABLE `users_social`
 ADD PRIMARY KEY (`id`);

--
-- AUTO_INCREMENT for dumped tables
--

--
-- AUTO_INCREMENT for table `afiliados`
--
ALTER TABLE `afiliados`
MODIFY `id` int(11) NOT NULL AUTO_INCREMENT,AUTO_INCREMENT=218;
--
-- AUTO_INCREMENT for table `agcontrol`
--
ALTER TABLE `agcontrol`
MODIFY `id` int(11) NOT NULL AUTO_INCREMENT,AUTO_INCREMENT=922;
--
-- AUTO_INCREMENT for table `egresos`
--
ALTER TABLE `egresos`
MODIFY `id-egreso` int(11) NOT NULL AUTO_INCREMENT,AUTO_INCREMENT=14;
--
-- AUTO_INCREMENT for table `expediente`
--
ALTER TABLE `expediente`
MODIFY `id` int(11) NOT NULL AUTO_INCREMENT,AUTO_INCREMENT=232;
--
-- AUTO_INCREMENT for table `factura`
--
ALTER TABLE `factura`
MODIFY `id-factura` int(11) NOT NULL AUTO_INCREMENT,AUTO_INCREMENT=203;
--
-- AUTO_INCREMENT for table `nuevocliente`
--
ALTER TABLE `nuevocliente`
MODIFY `id` int(11) NOT NULL AUTO_INCREMENT,AUTO_INCREMENT=3;
--
-- AUTO_INCREMENT for table `recaudo`
--
ALTER TABLE `recaudo`
MODIFY `idrecaudo` int(11) NOT NULL AUTO_INCREMENT,AUTO_INCREMENT=104;
--
-- AUTO_INCREMENT for table `transacciones`
--
ALTER TABLE `transacciones`
MODIFY `idtransaccion` int(11) NOT NULL AUTO_INCREMENT,AUTO_INCREMENT=105;
--
-- AUTO_INCREMENT for table `users`
--
ALTER TABLE `users`
MODIFY `id` int(11) NOT NULL AUTO_INCREMENT,AUTO_INCREMENT=4;
--
-- AUTO_INCREMENT for table `users_social`
--
ALTER TABLE `users_social`
MODIFY `id` int(11) NOT NULL AUTO_INCREMENT;
/*!40101 SET CHARACTER_SET_CLIENT=@OLD_CHARACTER_SET_CLIENT */;
/*!40101 SET CHARACTER_SET_RESULTS=@OLD_CHARACTER_SET_RESULTS */;
/*!40101 SET COLLATION_CONNECTION=@OLD_COLLATION_CONNECTION */;
